N,M,K,D,Ktrue,Dtrue,dataseed,maskseed,inforate
40.0,40.0,1.0,1.0,5.0,5.0,101.0,101.0,-2.499258270614494
40.0,40.0,1.0,1.0,5.0,5.0,101.0,102.0,-2.4774032106750656
40.0,40.0,1.0,1.0,5.0,5.0,101.0,103.0,-2.6060002179221984
40.0,40.0,1.0,1.0,5.0,5.0,101.0,104.0,-2.5012186137861985
40.0,40.0,1.0,1.0,5.0,5.0,101.0,105.0,-2.5121437148433263
40.0,40.0,1.0,1.0,5.0,5.0,101.0,106.0,-2.47800912224194
40.0,40.0,1.0,1.0,5.0,5.0,101.0,107.0,-2.4416617065872384
40.0,40.0,1.0,1.0,5.0,5.0,101.0,108.0,-2.424816558530906
40.0,40.0,1.0,1.0,5.0,5.0,101.0,109.0,-2.4556319058088225
40.0,40.0,1.0,1.0,5.0,5.0,101.0,110.0,-2.4539872074850377
40.0,40.0,1.0,1.0,5.0,5.0,102.0,101.0,-2.421514852686328
40.0,40.0,1.0,1.0,5.0,5.0,102.0,102.0,-2.3738968093080017
40.0,40.0,1.0,1.0,5.0,5.0,102.0,103.0,-2.465981743249939
40.0,40.0,1.0,1.0,5.0,5.0,102.0,104.0,-2.461254646334627
40.0,40.0,1.0,1.0,5.0,5.0,102.0,105.0,-2.338530376705558
40.0,40.0,1.0,1.0,5.0,5.0,102.0,106.0,-2.3979747265521243
40.0,40.0,1.0,1.0,5.0,5.0,102.0,107.0,-2.335136949402776
40.0,40.0,1.0,1.0,5.0,5.0,102.0,108.0,-2.3257625127440447
40.0,40.0,1.0,1.0,5.0,5.0,102.0,109.0,-2.35181388825081
40.0,40.0,1.0,1.0,5.0,5.0,102.0,110.0,-2.3620452457368644
40.0,40.0,1.0,1.0,5.0,5.0,103.0,101.0,-2.459008733556382
40.0,40.0,1.0,1.0,5.0,5.0,103.0,102.0,-2.38665720376961
40.0,40.0,1.0,1.0,5.0,5.0,103.0,103.0,-2.4797978645229217
40.0,40.0,1.0,1.0,5.0,5.0,103.0,104.0,-2.6416909588965947
40.0,40.0,1.0,1.0,5.0,5.0,103.0,105.0,-2.323174694106824
40.0,40.0,1.0,1.0,5.0,5.0,103.0,106.0,-2.404813610803834
40.0,40.0,1.0,1.0,5.0,5.0,103.0,107.0,-2.5386239649464764
40.0,40.0,1.0,1.0,5.0,5.0,103.0,108.0,-2.4053456713133494
40.0,40.0,1.0,1.0,5.0,5.0,103.0,109.0,-2.583327548496335
40.0,40.0,1.0,1.0,5.0,5.0,103.0,110.0,-2.3700273044988935
40.0,40.0,1.0,1.0,5.0,5.0,104.0,101.0,-2.282753018941084
40.0,40.0,1.0,1.0,5.0,5.0,104.0,102.0,-2.252132027637825
40.0,40.0,1.0,1.0,5.0,5.0,104.0,103.0,-2.266043185619185
40.0,40.0,1.0,1.0,5.0,5.0,104.0,104.0,-2.274445426586304
40.0,40.0,1.0,1.0,5.0,5.0,104.0,105.0,-2.388600978490786
40.0,40.0,1.0,1.0,5.0,5.0,104.0,106.0,-2.3312854386729884
40.0,40.0,1.0,1.0,5.0,5.0,104.0,107.0,-2.2884050484116174
40.0,40.0,1.0,1.0,5.0,5.0,104.0,108.0,-2.3153775755761945
40.0,40.0,1.0,1.0,5.0,5.0,104.0,109.0,-2.2824103122593105
40.0,40.0,1.0,1.0,5.0,5.0,104.0,110.0,-2.310240247728485
40.0,40.0,1.0,1.0,5.0,5.0,105.0,101.0,-2.286453012977398
40.0,40.0,1.0,1.0,5.0,5.0,105.0,102.0,-2.3943972147647656
40.0,40.0,1.0,1.0,5.0,5.0,105.0,103.0,-2.3315604911022203
40.0,40.0,1.0,1.0,5.0,5.0,105.0,104.0,-2.2407704752861743
40.0,40.0,1.0,1.0,5.0,5.0,105.0,105.0,-2.3069677268024495
40.0,40.0,1.0,1.0,5.0,5.0,105.0,106.0,-2.3089733043106913
40.0,40.0,1.0,1.0,5.0,5.0,105.0,107.0,-2.3228353100561563
40.0,40.0,1.0,1.0,5.0,5.0,105.0,108.0,-2.289798329080979
40.0,40.0,1.0,1.0,5.0,5.0,105.0,109.0,-2.2600108342720815
40.0,40.0,1.0,1.0,5.0,5.0,105.0,110.0,-2.286140494451779
40.0,40.0,1.0,2.0,5.0,5.0,101.0,101.0,-2.5636764658706275
40.0,40.0,1.0,2.0,5.0,5.0,101.0,102.0,-2.5450611399591794
40.0,40.0,1.0,2.0,5.0,5.0,101.0,103.0,-2.7192346883198524
40.0,40.0,1.0,2.0,5.0,5.0,101.0,104.0,-2.57313245874605
40.0,40.0,1.0,2.0,5.0,5.0,101.0,105.0,-2.5953542832290633
40.0,40.0,1.0,2.0,5.0,5.0,101.0,106.0,-2.562066638012985
40.0,40.0,1.0,2.0,5.0,5.0,101.0,107.0,-2.4944589435071998
40.0,40.0,1.0,2.0,5.0,5.0,101.0,108.0,-2.474969684253681
40.0,40.0,1.0,2.0,5.0,5.0,101.0,109.0,-2.518559760099346
40.0,40.0,1.0,2.0,5.0,5.0,101.0,110.0,-2.503276820218978
40.0,40.0,1.0,2.0,5.0,5.0,102.0,101.0,-2.4690318210384956
40.0,40.0,1.0,2.0,5.0,5.0,102.0,102.0,-2.4246399447781695
40.0,40.0,1.0,2.0,5.0,5.0,102.0,103.0,-2.5440973326452947
40.0,40.0,1.0,2.0,5.0,5.0,102.0,104.0,-2.537284567874926
40.0,40.0,1.0,2.0,5.0,5.0,102.0,105.0,-2.3577522767219543
40.0,40.0,1.0,2.0,5.0,5.0,102.0,106.0,-2.4674002713960643
40.0,40.0,1.0,2.0,5.0,5.0,102.0,107.0,-2.355054161892665
40.0,40.0,1.0,2.0,5.0,5.0,102.0,108.0,-2.3494664921501474
40.0,40.0,1.0,2.0,5.0,5.0,102.0,109.0,-2.379899958593445
40.0,40.0,1.0,2.0,5.0,5.0,102.0,110.0,-2.397743021593486
40.0,40.0,1.0,2.0,5.0,5.0,103.0,101.0,-2.5438428511134052
40.0,40.0,1.0,2.0,5.0,5.0,103.0,102.0,-2.4092126099884075
40.0,40.0,1.0,2.0,5.0,5.0,103.0,103.0,-2.549321556475342
40.0,40.0,1.0,2.0,5.0,5.0,103.0,104.0,-2.7558470388565754
40.0,40.0,1.0,2.0,5.0,5.0,103.0,105.0,-2.3175500167758942
40.0,40.0,1.0,2.0,5.0,5.0,103.0,106.0,-2.447630894611776
40.0,40.0,1.0,2.0,5.0,5.0,103.0,107.0,-2.6393229096478388
40.0,40.0,1.0,2.0,5.0,5.0,103.0,108.0,-2.4415146814365976
40.0,40.0,1.0,2.0,5.0,5.0,103.0,109.0,-2.7092953341608226
40.0,40.0,1.0,2.0,5.0,5.0,103.0,110.0,-2.401120840820141
40.0,40.0,1.0,2.0,5.0,5.0,104.0,101.0,-2.2841550962269603
40.0,40.0,1.0,2.0,5.0,5.0,104.0,102.0,-2.238368434534322
40.0,40.0,1.0,2.0,5.0,5.0,104.0,103.0,-2.2576189301766387
40.0,40.0,1.0,2.0,5.0,5.0,104.0,104.0,-2.2760927351384486
40.0,40.0,1.0,2.0,5.0,5.0,104.0,105.0,-2.4246591926003815
40.0,40.0,1.0,2.0,5.0,5.0,104.0,106.0,-2.3454371038687074
40.0,40.0,1.0,2.0,5.0,5.0,104.0,107.0,-2.289009588971943
40.0,40.0,1.0,2.0,5.0,5.0,104.0,108.0,-2.3218589578230846
40.0,40.0,1.0,2.0,5.0,5.0,104.0,109.0,-2.283146235809028
40.0,40.0,1.0,2.0,5.0,5.0,104.0,110.0,-2.316523590193854
40.0,40.0,1.0,2.0,5.0,5.0,105.0,101.0,-2.3170106290661847
40.0,40.0,1.0,2.0,5.0,5.0,105.0,102.0,-2.451402725354511
40.0,40.0,1.0,2.0,5.0,5.0,105.0,103.0,-2.3791607966880877
40.0,40.0,1.0,2.0,5.0,5.0,105.0,104.0,-2.2465674711193575
40.0,40.0,1.0,2.0,5.0,5.0,105.0,105.0,-2.345019973304691
40.0,40.0,1.0,2.0,5.0,5.0,105.0,106.0,-2.347115895201458
40.0,40.0,1.0,2.0,5.0,5.0,105.0,107.0,-2.3676626314828484
40.0,40.0,1.0,2.0,5.0,5.0,105.0,108.0,-2.3225647534532747
40.0,40.0,1.0,2.0,5.0,5.0,105.0,109.0,-2.2671921179320838
40.0,40.0,1.0,2.0,5.0,5.0,105.0,110.0,-2.3062697177795273
40.0,40.0,1.0,3.0,5.0,5.0,101.0,101.0,-2.653598850612273
40.0,40.0,1.0,3.0,5.0,5.0,101.0,102.0,-2.6337285098262035
40.0,40.0,1.0,3.0,5.0,5.0,101.0,103.0,-2.84347461373241
40.0,40.0,1.0,3.0,5.0,5.0,101.0,104.0,-2.6604158785997365
40.0,40.0,1.0,3.0,5.0,5.0,101.0,105.0,-2.6978055724651946
40.0,40.0,1.0,3.0,5.0,5.0,101.0,106.0,-2.6633815437832355
40.0,40.0,1.0,3.0,5.0,5.0,101.0,107.0,-2.5731870249596676
40.0,40.0,1.0,3.0,5.0,5.0,101.0,108.0,-2.5533764827743544
40.0,40.0,1.0,3.0,5.0,5.0,101.0,109.0,-2.604629381578351
40.0,40.0,1.0,3.0,5.0,5.0,101.0,110.0,-2.576274710021206
40.0,40.0,1.0,3.0,5.0,5.0,102.0,101.0,-2.5504004578958086
40.0,40.0,1.0,3.0,5.0,5.0,102.0,102.0,-2.506696663228717
40.0,40.0,1.0,3.0,5.0,5.0,102.0,103.0,-2.6437277152768783
40.0,40.0,1.0,3.0,5.0,5.0,102.0,104.0,-2.6351157701749
40.0,40.0,1.0,3.0,5.0,5.0,102.0,105.0,-2.4175102433732527
40.0,40.0,1.0,3.0,5.0,5.0,102.0,106.0,-2.5595733250347936
40.0,40.0,1.0,3.0,5.0,5.0,102.0,107.0,-2.4169276285690438
40.0,40.0,1.0,3.0,5.0,5.0,102.0,108.0,-2.4127593961063885
40.0,40.0,1.0,3.0,5.0,5.0,102.0,109.0,-2.4435558378643587
40.0,40.0,1.0,3.0,5.0,5.0,102.0,110.0,-2.466209843179888
40.0,40.0,1.0,3.0,5.0,5.0,103.0,101.0,-2.6474662586565096
40.0,40.0,1.0,3.0,5.0,5.0,103.0,102.0,-2.4664413541379613
40.0,40.0,1.0,3.0,5.0,5.0,103.0,103.0,-2.6368617994940187
40.0,40.0,1.0,3.0,5.0,5.0,103.0,104.0,-2.858972260634582
40.0,40.0,1.0,3.0,5.0,5.0,103.0,105.0,-2.354753521635059
40.0,40.0,1.0,3.0,5.0,5.0,103.0,106.0,-2.5216399917519943
40.0,40.0,1.0,3.0,5.0,5.0,103.0,107.0,-2.750328556900438
40.0,40.0,1.0,3.0,5.0,5.0,103.0,108.0,-2.5107831277720343
40.0,40.0,1.0,3.0,5.0,5.0,103.0,109.0,-2.8308516932723853
40.0,40.0,1.0,3.0,5.0,5.0,103.0,110.0,-2.4654778756883684
40.0,40.0,1.0,3.0,5.0,5.0,104.0,101.0,-2.3313568037627603
40.0,40.0,1.0,3.0,5.0,5.0,104.0,102.0,-2.2728811939314504
40.0,40.0,1.0,3.0,5.0,5.0,104.0,103.0,-2.297546638486587
40.0,40.0,1.0,3.0,5.0,5.0,104.0,104.0,-2.320503028607888
40.0,40.0,1.0,3.0,5.0,5.0,104.0,105.0,-2.492808790783643
40.0,40.0,1.0,3.0,5.0,5.0,104.0,106.0,-2.4010610291479138
40.0,40.0,1.0,3.0,5.0,5.0,104.0,107.0,-2.335472540384174
40.0,40.0,1.0,3.0,5.0,5.0,104.0,108.0,-2.3749662042718724
40.0,40.0,1.0,3.0,5.0,5.0,104.0,109.0,-2.3281475545742505
40.0,40.0,1.0,3.0,5.0,5.0,104.0,110.0,-2.3649188761327484
40.0,40.0,1.0,3.0,5.0,5.0,105.0,101.0,-2.3843208790292336
40.0,40.0,1.0,3.0,5.0,5.0,105.0,102.0,-2.5357844436445207
40.0,40.0,1.0,3.0,5.0,5.0,105.0,103.0,-2.4614898352706396
40.0,40.0,1.0,3.0,5.0,5.0,105.0,104.0,-2.2985074052152052
40.0,40.0,1.0,3.0,5.0,5.0,105.0,105.0,-2.418779053806119
40.0,40.0,1.0,3.0,5.0,5.0,105.0,106.0,-2.4185980896146217
40.0,40.0,1.0,3.0,5.0,5.0,105.0,107.0,-2.4426549425749777
40.0,40.0,1.0,3.0,5.0,5.0,105.0,108.0,-2.3920182502600955
40.0,40.0,1.0,3.0,5.0,5.0,105.0,109.0,-2.318904792248697
40.0,40.0,1.0,3.0,5.0,5.0,105.0,110.0,-2.365906377533596
40.0,40.0,1.0,4.0,5.0,5.0,101.0,101.0,-2.7372005028077506
40.0,40.0,1.0,4.0,5.0,5.0,101.0,102.0,-2.720573196205497
40.0,40.0,1.0,4.0,5.0,5.0,101.0,103.0,-2.9530302744602235
40.0,40.0,1.0,4.0,5.0,5.0,101.0,104.0,-2.7465920100049193
40.0,40.0,1.0,4.0,5.0,5.0,101.0,105.0,-2.7952771727678933
40.0,40.0,1.0,4.0,5.0,5.0,101.0,106.0,-2.7582425539893083
40.0,40.0,1.0,4.0,5.0,5.0,101.0,107.0,-2.65175321410707
40.0,40.0,1.0,4.0,5.0,5.0,101.0,108.0,-2.628138159313321
40.0,40.0,1.0,4.0,5.0,5.0,101.0,109.0,-2.6854841629808166
40.0,40.0,1.0,4.0,5.0,5.0,101.0,110.0,-2.6507483442653723
40.0,40.0,1.0,4.0,5.0,5.0,102.0,101.0,-2.627721870977832
40.0,40.0,1.0,4.0,5.0,5.0,102.0,102.0,-2.5887672551991683
40.0,40.0,1.0,4.0,5.0,5.0,102.0,103.0,-2.740563938700264
40.0,40.0,1.0,4.0,5.0,5.0,102.0,104.0,-2.7298839875211125
40.0,40.0,1.0,4.0,5.0,5.0,102.0,105.0,-2.4774463372402225
40.0,40.0,1.0,4.0,5.0,5.0,102.0,106.0,-2.648368268603368
40.0,40.0,1.0,4.0,5.0,5.0,102.0,107.0,-2.4808224430081793
40.0,40.0,1.0,4.0,5.0,5.0,102.0,108.0,-2.4776593066385355
40.0,40.0,1.0,4.0,5.0,5.0,102.0,109.0,-2.5092485319902362
40.0,40.0,1.0,4.0,5.0,5.0,102.0,110.0,-2.5368899440642405
40.0,40.0,1.0,4.0,5.0,5.0,103.0,101.0,-2.7407817792544646
40.0,40.0,1.0,4.0,5.0,5.0,103.0,102.0,-2.5256555186219436
40.0,40.0,1.0,4.0,5.0,5.0,103.0,103.0,-2.722156793603352
40.0,40.0,1.0,4.0,5.0,5.0,103.0,104.0,-2.9577842268571026
40.0,40.0,1.0,4.0,5.0,5.0,103.0,105.0,-2.401876738841113
40.0,40.0,1.0,4.0,5.0,5.0,103.0,106.0,-2.595105511730162
40.0,40.0,1.0,4.0,5.0,5.0,103.0,107.0,-2.856740210792565
40.0,40.0,1.0,4.0,5.0,5.0,103.0,108.0,-2.581032935805655
40.0,40.0,1.0,4.0,5.0,5.0,103.0,109.0,-2.946322513243658
40.0,40.0,1.0,4.0,5.0,5.0,103.0,110.0,-2.5318540858257768
40.0,40.0,1.0,4.0,5.0,5.0,104.0,101.0,-2.384386753792593
40.0,40.0,1.0,4.0,5.0,5.0,104.0,102.0,-2.315771715024904
40.0,40.0,1.0,4.0,5.0,5.0,104.0,103.0,-2.344286536646336
40.0,40.0,1.0,4.0,5.0,5.0,104.0,104.0,-2.370546575809594
40.0,40.0,1.0,4.0,5.0,5.0,104.0,105.0,-2.564282779934655
40.0,40.0,1.0,4.0,5.0,5.0,104.0,106.0,-2.4606767134013126
40.0,40.0,1.0,4.0,5.0,5.0,104.0,107.0,-2.388761307927665
40.0,40.0,1.0,4.0,5.0,5.0,104.0,108.0,-2.434481888458947
40.0,40.0,1.0,4.0,5.0,5.0,104.0,109.0,-2.379200618821844
40.0,40.0,1.0,4.0,5.0,5.0,104.0,110.0,-2.4202030588296877
40.0,40.0,1.0,4.0,5.0,5.0,105.0,101.0,-2.4536507319760226
40.0,40.0,1.0,4.0,5.0,5.0,105.0,102.0,-2.616958450835417
40.0,40.0,1.0,4.0,5.0,5.0,105.0,103.0,-2.540355725056066
40.0,40.0,1.0,4.0,5.0,5.0,105.0,104.0,-2.3558121628281605
40.0,40.0,1.0,4.0,5.0,5.0,105.0,105.0,-2.492267987545598
40.0,40.0,1.0,4.0,5.0,5.0,105.0,106.0,-2.49175513167424
40.0,40.0,1.0,4.0,5.0,5.0,105.0,107.0,-2.5175268312489076
40.0,40.0,1.0,4.0,5.0,5.0,105.0,108.0,-2.462028517161483
40.0,40.0,1.0,4.0,5.0,5.0,105.0,109.0,-2.377754213489487
40.0,40.0,1.0,4.0,5.0,5.0,105.0,110.0,-2.426000660226139
40.0,40.0,1.0,5.0,5.0,5.0,101.0,101.0,-2.8110793068994684
40.0,40.0,1.0,5.0,5.0,5.0,101.0,102.0,-2.7973251374613013
40.0,40.0,1.0,5.0,5.0,5.0,101.0,103.0,-3.0529650852159764
40.0,40.0,1.0,5.0,5.0,5.0,101.0,104.0,-2.8210006987633633
40.0,40.0,1.0,5.0,5.0,5.0,101.0,105.0,-2.883214404846723
40.0,40.0,1.0,5.0,5.0,5.0,101.0,106.0,-2.8445929930562786
40.0,40.0,1.0,5.0,5.0,5.0,101.0,107.0,-2.725916046447837
40.0,40.0,1.0,5.0,5.0,5.0,101.0,108.0,-2.6995763707874065
40.0,40.0,1.0,5.0,5.0,5.0,101.0,109.0,-2.757255539668692
40.0,40.0,1.0,5.0,5.0,5.0,101.0,110.0,-2.7190995405535583
40.0,40.0,1.0,5.0,5.0,5.0,102.0,101.0,-2.7036567756820493
40.0,40.0,1.0,5.0,5.0,5.0,102.0,102.0,-2.663026852378839
40.0,40.0,1.0,5.0,5.0,5.0,102.0,103.0,-2.824346017130885
40.0,40.0,1.0,5.0,5.0,5.0,102.0,104.0,-2.8142655831596612
40.0,40.0,1.0,5.0,5.0,5.0,102.0,105.0,-2.5348838930134523
40.0,40.0,1.0,5.0,5.0,5.0,102.0,106.0,-2.729117527578188
40.0,40.0,1.0,5.0,5.0,5.0,102.0,107.0,-2.54251378404104
40.0,40.0,1.0,5.0,5.0,5.0,102.0,108.0,-2.5395742633903495
40.0,40.0,1.0,5.0,5.0,5.0,102.0,109.0,-2.5706316644031286
40.0,40.0,1.0,5.0,5.0,5.0,102.0,110.0,-2.599479335078613
40.0,40.0,1.0,5.0,5.0,5.0,103.0,101.0,-2.82755970087129
40.0,40.0,1.0,5.0,5.0,5.0,103.0,102.0,-2.5840258477101385
40.0,40.0,1.0,5.0,5.0,5.0,103.0,103.0,-2.800054676579603
40.0,40.0,1.0,5.0,5.0,5.0,103.0,104.0,-3.047028367862092
40.0,40.0,1.0,5.0,5.0,5.0,103.0,105.0,-2.445058900552028
40.0,40.0,1.0,5.0,5.0,5.0,103.0,106.0,-2.6649186242365026
40.0,40.0,1.0,5.0,5.0,5.0,103.0,107.0,-2.9527421314006
40.0,40.0,1.0,5.0,5.0,5.0,103.0,108.0,-2.645660648456093
40.0,40.0,1.0,5.0,5.0,5.0,103.0,109.0,-3.0359529227972897
40.0,40.0,1.0,5.0,5.0,5.0,103.0,110.0,-2.5952155761144655
40.0,40.0,1.0,5.0,5.0,5.0,104.0,101.0,-2.43654450017857
40.0,40.0,1.0,5.0,5.0,5.0,104.0,102.0,-2.3569701839529977
40.0,40.0,1.0,5.0,5.0,5.0,104.0,103.0,-2.3906155294120395
40.0,40.0,1.0,5.0,5.0,5.0,104.0,104.0,-2.417871592583131
40.0,40.0,1.0,5.0,5.0,5.0,104.0,105.0,-2.6304570355523493
40.0,40.0,1.0,5.0,5.0,5.0,104.0,106.0,-2.518851805344056
40.0,40.0,1.0,5.0,5.0,5.0,104.0,107.0,-2.44055615915986
40.0,40.0,1.0,5.0,5.0,5.0,104.0,108.0,-2.491030630497068
40.0,40.0,1.0,5.0,5.0,5.0,104.0,109.0,-2.4286460493654745
40.0,40.0,1.0,5.0,5.0,5.0,104.0,110.0,-2.474722232566731
40.0,40.0,1.0,5.0,5.0,5.0,105.0,101.0,-2.5176877014790713
40.0,40.0,1.0,5.0,5.0,5.0,105.0,102.0,-2.69279510145224
40.0,40.0,1.0,5.0,5.0,5.0,105.0,103.0,-2.6147833423968403
40.0,40.0,1.0,5.0,5.0,5.0,105.0,104.0,-2.4085441278045345
40.0,40.0,1.0,5.0,5.0,5.0,105.0,105.0,-2.5605814504090025
40.0,40.0,1.0,5.0,5.0,5.0,105.0,106.0,-2.5595210594532967
40.0,40.0,1.0,5.0,5.0,5.0,105.0,107.0,-2.584635305193307
40.0,40.0,1.0,5.0,5.0,5.0,105.0,108.0,-2.5282406525736003
40.0,40.0,1.0,5.0,5.0,5.0,105.0,109.0,-2.431246854249784
40.0,40.0,1.0,5.0,5.0,5.0,105.0,110.0,-2.4849809148253432
40.0,40.0,1.0,6.0,5.0,5.0,101.0,101.0,-2.882489920611049
40.0,40.0,1.0,6.0,5.0,5.0,101.0,102.0,-2.866358035830844
40.0,40.0,1.0,6.0,5.0,5.0,101.0,103.0,-3.144211424412194
40.0,40.0,1.0,6.0,5.0,5.0,101.0,104.0,-2.8888711455919722
40.0,40.0,1.0,6.0,5.0,5.0,101.0,105.0,-2.960914057048504
40.0,40.0,1.0,6.0,5.0,5.0,101.0,106.0,-2.9229159405827354
40.0,40.0,1.0,6.0,5.0,5.0,101.0,107.0,-2.7913377311135457
40.0,40.0,1.0,6.0,5.0,5.0,101.0,108.0,-2.7643273603379117
40.0,40.0,1.0,6.0,5.0,5.0,101.0,109.0,-2.8232828919926813
40.0,40.0,1.0,6.0,5.0,5.0,101.0,110.0,-2.783213628140042
40.0,40.0,1.0,6.0,5.0,5.0,102.0,101.0,-2.771613315084143
40.0,40.0,1.0,6.0,5.0,5.0,102.0,102.0,-2.730350625050381
40.0,40.0,1.0,6.0,5.0,5.0,102.0,103.0,-2.9022646319915424
40.0,40.0,1.0,6.0,5.0,5.0,102.0,104.0,-2.8931469889058508
40.0,40.0,1.0,6.0,5.0,5.0,102.0,105.0,-2.588356943427585
40.0,40.0,1.0,6.0,5.0,5.0,102.0,106.0,-2.801731477790089
40.0,40.0,1.0,6.0,5.0,5.0,102.0,107.0,-2.601378288988055
40.0,40.0,1.0,6.0,5.0,5.0,102.0,108.0,-2.5978155471507858
40.0,40.0,1.0,6.0,5.0,5.0,102.0,109.0,-2.625413930391255
40.0,40.0,1.0,6.0,5.0,5.0,102.0,110.0,-2.6600560284377153
40.0,40.0,1.0,6.0,5.0,5.0,103.0,101.0,-2.9032232683380066
40.0,40.0,1.0,6.0,5.0,5.0,103.0,102.0,-2.637453796558133
40.0,40.0,1.0,6.0,5.0,5.0,103.0,103.0,-2.8680664794159374
40.0,40.0,1.0,6.0,5.0,5.0,103.0,104.0,-3.117749005774838
40.0,40.0,1.0,6.0,5.0,5.0,103.0,105.0,-2.4890746795669405
40.0,40.0,1.0,6.0,5.0,5.0,103.0,106.0,-2.728843262395672
40.0,40.0,1.0,6.0,5.0,5.0,103.0,107.0,-3.039190958521295
40.0,40.0,1.0,6.0,5.0,5.0,103.0,108.0,-2.7059446566141996
40.0,40.0,1.0,6.0,5.0,5.0,103.0,109.0,-3.125938236280831
40.0,40.0,1.0,6.0,5.0,5.0,103.0,110.0,-2.6532680655593395
40.0,40.0,1.0,6.0,5.0,5.0,104.0,101.0,-2.485262613025115
40.0,40.0,1.0,6.0,5.0,5.0,104.0,102.0,-2.398079930588595
40.0,40.0,1.0,6.0,5.0,5.0,104.0,103.0,-2.4379522391222763
40.0,40.0,1.0,6.0,5.0,5.0,104.0,104.0,-2.4637609156033444
40.0,40.0,1.0,6.0,5.0,5.0,104.0,105.0,-2.688828186517378
40.0,40.0,1.0,6.0,5.0,5.0,104.0,106.0,-2.5708401592134797
40.0,40.0,1.0,6.0,5.0,5.0,104.0,107.0,-2.4905496461924743
40.0,40.0,1.0,6.0,5.0,5.0,104.0,108.0,-2.5475734984247573
40.0,40.0,1.0,6.0,5.0,5.0,104.0,109.0,-2.4773919074936708
40.0,40.0,1.0,6.0,5.0,5.0,104.0,110.0,-2.5245406847909235
40.0,40.0,1.0,6.0,5.0,5.0,105.0,101.0,-2.5788292018546106
40.0,40.0,1.0,6.0,5.0,5.0,105.0,102.0,-2.7632378261490875
40.0,40.0,1.0,6.0,5.0,5.0,105.0,103.0,-2.683288376285097
40.0,40.0,1.0,6.0,5.0,5.0,105.0,104.0,-2.460757590961857
40.0,40.0,1.0,6.0,5.0,5.0,105.0,105.0,-2.6264720118585756
40.0,40.0,1.0,6.0,5.0,5.0,105.0,106.0,-2.6199821600410593
40.0,40.0,1.0,6.0,5.0,5.0,105.0,107.0,-2.649045617615347
40.0,40.0,1.0,6.0,5.0,5.0,105.0,108.0,-2.5890756607720333
40.0,40.0,1.0,6.0,5.0,5.0,105.0,109.0,-2.4815541170314823
40.0,40.0,1.0,6.0,5.0,5.0,105.0,110.0,-2.540755698626405
40.0,40.0,1.0,7.0,5.0,5.0,101.0,101.0,-2.9448076422155243
40.0,40.0,1.0,7.0,5.0,5.0,101.0,102.0,-2.9317314990134786
40.0,40.0,1.0,7.0,5.0,5.0,101.0,103.0,-3.2220661238339856
40.0,40.0,1.0,7.0,5.0,5.0,101.0,104.0,-2.9511669818359714
40.0,40.0,1.0,7.0,5.0,5.0,101.0,105.0,-3.0317026121934334
40.0,40.0,1.0,7.0,5.0,5.0,101.0,106.0,-2.9910217161055583
40.0,40.0,1.0,7.0,5.0,5.0,101.0,107.0,-2.8524310348250195
40.0,40.0,1.0,7.0,5.0,5.0,101.0,108.0,-2.8240357373429155
40.0,40.0,1.0,7.0,5.0,5.0,101.0,109.0,-2.884671471067881
40.0,40.0,1.0,7.0,5.0,5.0,101.0,110.0,-2.8425190741568245
40.0,40.0,1.0,7.0,5.0,5.0,102.0,101.0,-2.836781755231592
40.0,40.0,1.0,7.0,5.0,5.0,102.0,102.0,-2.793735034277404
40.0,40.0,1.0,7.0,5.0,5.0,102.0,103.0,-2.975024138963897
40.0,40.0,1.0,7.0,5.0,5.0,102.0,104.0,-2.9650236532412206
40.0,40.0,1.0,7.0,5.0,5.0,102.0,105.0,-2.6379279402116813
40.0,40.0,1.0,7.0,5.0,5.0,102.0,106.0,-2.868628155901816
40.0,40.0,1.0,7.0,5.0,5.0,102.0,107.0,-2.656867774916771
40.0,40.0,1.0,7.0,5.0,5.0,102.0,108.0,-2.6529128342793236
40.0,40.0,1.0,7.0,5.0,5.0,102.0,109.0,-2.6777848951356864
40.0,40.0,1.0,7.0,5.0,5.0,102.0,110.0,-2.715282374089807
40.0,40.0,1.0,7.0,5.0,5.0,103.0,101.0,-2.9742701031177505
40.0,40.0,1.0,7.0,5.0,5.0,103.0,102.0,-2.687807517564472
40.0,40.0,1.0,7.0,5.0,5.0,103.0,103.0,-2.9304032737349637
40.0,40.0,1.0,7.0,5.0,5.0,103.0,104.0,-3.183346321946553
40.0,40.0,1.0,7.0,5.0,5.0,103.0,105.0,-2.528155866394275
40.0,40.0,1.0,7.0,5.0,5.0,103.0,106.0,-2.7874172467657803
40.0,40.0,1.0,7.0,5.0,5.0,103.0,107.0,-3.1138772085462896
40.0,40.0,1.0,7.0,5.0,5.0,103.0,108.0,-2.7623823099915135
40.0,40.0,1.0,7.0,5.0,5.0,103.0,109.0,-3.1972202880911778
40.0,40.0,1.0,7.0,5.0,5.0,103.0,110.0,-2.7056362522350734
40.0,40.0,1.0,7.0,5.0,5.0,104.0,101.0,-2.5304945635640066
40.0,40.0,1.0,7.0,5.0,5.0,104.0,102.0,-2.437061139015328
40.0,40.0,1.0,7.0,5.0,5.0,104.0,103.0,-2.479767398403859
40.0,40.0,1.0,7.0,5.0,5.0,104.0,104.0,-2.506745366558781
40.0,40.0,1.0,7.0,5.0,5.0,104.0,105.0,-2.7436015553574205
40.0,40.0,1.0,7.0,5.0,5.0,104.0,106.0,-2.6221144150778803
40.0,40.0,1.0,7.0,5.0,5.0,104.0,107.0,-2.536173304202825
40.0,40.0,1.0,7.0,5.0,5.0,104.0,108.0,-2.5991727800508078
40.0,40.0,1.0,7.0,5.0,5.0,104.0,109.0,-2.5222876681267525
40.0,40.0,1.0,7.0,5.0,5.0,104.0,110.0,-2.570526793346208
40.0,40.0,1.0,7.0,5.0,5.0,105.0,101.0,-2.634739469794276
40.0,40.0,1.0,7.0,5.0,5.0,105.0,102.0,-2.8274565164745473
40.0,40.0,1.0,7.0,5.0,5.0,105.0,103.0,-2.743766098854315
40.0,40.0,1.0,7.0,5.0,5.0,105.0,104.0,-2.5084792495704935
40.0,40.0,1.0,7.0,5.0,5.0,105.0,105.0,-2.6802861512289136
40.0,40.0,1.0,7.0,5.0,5.0,105.0,106.0,-2.6777872347938483
40.0,40.0,1.0,7.0,5.0,5.0,105.0,107.0,-2.7056044252798506
40.0,40.0,1.0,7.0,5.0,5.0,105.0,108.0,-2.6444531519044614
40.0,40.0,1.0,7.0,5.0,5.0,105.0,109.0,-2.531741657742523
40.0,40.0,1.0,7.0,5.0,5.0,105.0,110.0,-2.591342612835228
40.0,40.0,1.0,8.0,5.0,5.0,101.0,101.0,-2.9991747389531627
40.0,40.0,1.0,8.0,5.0,5.0,101.0,102.0,-2.987778117917117
40.0,40.0,1.0,8.0,5.0,5.0,101.0,103.0,-3.296620584356815
40.0,40.0,1.0,8.0,5.0,5.0,101.0,104.0,-3.009427354797543
40.0,40.0,1.0,8.0,5.0,5.0,101.0,105.0,-3.0991991165093977
40.0,40.0,1.0,8.0,5.0,5.0,101.0,106.0,-3.0549964852625116
40.0,40.0,1.0,8.0,5.0,5.0,101.0,107.0,-2.909483761732566
40.0,40.0,1.0,8.0,5.0,5.0,101.0,108.0,-2.877766785037411
40.0,40.0,1.0,8.0,5.0,5.0,101.0,109.0,-2.937271344896269
40.0,40.0,1.0,8.0,5.0,5.0,101.0,110.0,-2.8953968730177357
40.0,40.0,1.0,8.0,5.0,5.0,102.0,101.0,-2.896368124865762
40.0,40.0,1.0,8.0,5.0,5.0,102.0,102.0,-2.8550901126664114
40.0,40.0,1.0,8.0,5.0,5.0,102.0,103.0,-3.040532952536663
40.0,40.0,1.0,8.0,5.0,5.0,102.0,104.0,-3.030501395620961
40.0,40.0,1.0,8.0,5.0,5.0,102.0,105.0,-2.683748984991311
40.0,40.0,1.0,8.0,5.0,5.0,102.0,106.0,-2.9303198810150763
40.0,40.0,1.0,8.0,5.0,5.0,102.0,107.0,-2.7076475650730254
40.0,40.0,1.0,8.0,5.0,5.0,102.0,108.0,-2.7053708403951093
40.0,40.0,1.0,8.0,5.0,5.0,102.0,109.0,-2.7267615291078227
40.0,40.0,1.0,8.0,5.0,5.0,102.0,110.0,-2.765780997998211
40.0,40.0,1.0,8.0,5.0,5.0,103.0,101.0,-3.041228426292136
40.0,40.0,1.0,8.0,5.0,5.0,103.0,102.0,-2.735928606010503
40.0,40.0,1.0,8.0,5.0,5.0,103.0,103.0,-2.9871545264965906
40.0,40.0,1.0,8.0,5.0,5.0,103.0,104.0,-3.2521280912240216
40.0,40.0,1.0,8.0,5.0,5.0,103.0,105.0,-2.567979310770273
40.0,40.0,1.0,8.0,5.0,5.0,103.0,106.0,-2.840309792336536
40.0,40.0,1.0,8.0,5.0,5.0,103.0,107.0,-3.1864649783066996
40.0,40.0,1.0,8.0,5.0,5.0,103.0,108.0,-2.813921750988709
40.0,40.0,1.0,8.0,5.0,5.0,103.0,109.0,-3.2739711932188826
40.0,40.0,1.0,8.0,5.0,5.0,103.0,110.0,-2.7561967432246255
40.0,40.0,1.0,8.0,5.0,5.0,104.0,101.0,-2.57173262419301
40.0,40.0,1.0,8.0,5.0,5.0,104.0,102.0,-2.473137739114307
40.0,40.0,1.0,8.0,5.0,5.0,104.0,103.0,-2.5177092261114282
40.0,40.0,1.0,8.0,5.0,5.0,104.0,104.0,-2.5447940470409045
40.0,40.0,1.0,8.0,5.0,5.0,104.0,105.0,-2.7936580091425376
40.0,40.0,1.0,8.0,5.0,5.0,104.0,106.0,-2.668457529492012
40.0,40.0,1.0,8.0,5.0,5.0,104.0,107.0,-2.5804658862449634
40.0,40.0,1.0,8.0,5.0,5.0,104.0,108.0,-2.6473044774723937
40.0,40.0,1.0,8.0,5.0,5.0,104.0,109.0,-2.561820488959124
40.0,40.0,1.0,8.0,5.0,5.0,104.0,110.0,-2.6147800336067677
40.0,40.0,1.0,8.0,5.0,5.0,105.0,101.0,-2.6848882194249457
40.0,40.0,1.0,8.0,5.0,5.0,105.0,102.0,-2.883428543386092
40.0,40.0,1.0,8.0,5.0,5.0,105.0,103.0,-2.8051477835772904
40.0,40.0,1.0,8.0,5.0,5.0,105.0,104.0,-2.552546802929325
40.0,40.0,1.0,8.0,5.0,5.0,105.0,105.0,-2.7379154110707504
40.0,40.0,1.0,8.0,5.0,5.0,105.0,106.0,-2.731437613120658
40.0,40.0,1.0,8.0,5.0,5.0,105.0,107.0,-2.7590625365654824
40.0,40.0,1.0,8.0,5.0,5.0,105.0,108.0,-2.697360997908373
40.0,40.0,1.0,8.0,5.0,5.0,105.0,109.0,-2.5781833942684145
40.0,40.0,1.0,8.0,5.0,5.0,105.0,110.0,-2.640923293739562
40.0,40.0,1.0,9.0,5.0,5.0,101.0,101.0,-3.053424924919983
40.0,40.0,1.0,9.0,5.0,5.0,101.0,102.0,-3.038438538282231
40.0,40.0,1.0,9.0,5.0,5.0,101.0,103.0,-3.361936923302803
40.0,40.0,1.0,9.0,5.0,5.0,101.0,104.0,-3.060309190566579
40.0,40.0,1.0,9.0,5.0,5.0,101.0,105.0,-3.1593328570317682
40.0,40.0,1.0,9.0,5.0,5.0,101.0,106.0,-3.1189475205124344
40.0,40.0,1.0,9.0,5.0,5.0,101.0,107.0,-2.962987219023547
40.0,40.0,1.0,9.0,5.0,5.0,101.0,108.0,-2.9296387268594763
40.0,40.0,1.0,9.0,5.0,5.0,101.0,109.0,-2.9901153460457977
40.0,40.0,1.0,9.0,5.0,5.0,101.0,110.0,-2.940844457545772
40.0,40.0,1.0,9.0,5.0,5.0,102.0,101.0,-2.950635498850201
40.0,40.0,1.0,9.0,5.0,5.0,102.0,102.0,-2.9072536116038092
40.0,40.0,1.0,9.0,5.0,5.0,102.0,103.0,-3.1017362488725237
40.0,40.0,1.0,9.0,5.0,5.0,102.0,104.0,-3.0892747166609618
40.0,40.0,1.0,9.0,5.0,5.0,102.0,105.0,-2.7277627525039354
40.0,40.0,1.0,9.0,5.0,5.0,102.0,106.0,-2.9878338116028464
40.0,40.0,1.0,9.0,5.0,5.0,102.0,107.0,-2.7529081452143433
40.0,40.0,1.0,9.0,5.0,5.0,102.0,108.0,-2.7508883040636856
40.0,40.0,1.0,9.0,5.0,5.0,102.0,109.0,-2.771855591401439
40.0,40.0,1.0,9.0,5.0,5.0,102.0,110.0,-2.8116870780430188
40.0,40.0,1.0,9.0,5.0,5.0,103.0,101.0,-3.095230970123413
40.0,40.0,1.0,9.0,5.0,5.0,103.0,102.0,-2.7782419160965883
40.0,40.0,1.0,9.0,5.0,5.0,103.0,103.0,-3.040862682140945
40.0,40.0,1.0,9.0,5.0,5.0,103.0,104.0,-3.3016061883418715
40.0,40.0,1.0,9.0,5.0,5.0,103.0,105.0,-2.603112740306931
40.0,40.0,1.0,9.0,5.0,5.0,103.0,106.0,-2.888467727412099
40.0,40.0,1.0,9.0,5.0,5.0,103.0,107.0,-3.2534863388218134
40.0,40.0,1.0,9.0,5.0,5.0,103.0,108.0,-2.861119229012132
40.0,40.0,1.0,9.0,5.0,5.0,103.0,109.0,-3.3347019024944053
40.0,40.0,1.0,9.0,5.0,5.0,103.0,110.0,-2.804237590258541
40.0,40.0,1.0,9.0,5.0,5.0,104.0,101.0,-2.6144462987023482
40.0,40.0,1.0,9.0,5.0,5.0,104.0,102.0,-2.5081429098180426
40.0,40.0,1.0,9.0,5.0,5.0,104.0,103.0,-2.553024590253202
40.0,40.0,1.0,9.0,5.0,5.0,104.0,104.0,-2.5806045691664545
40.0,40.0,1.0,9.0,5.0,5.0,104.0,105.0,-2.840701870815049
40.0,40.0,1.0,9.0,5.0,5.0,104.0,106.0,-2.709976344841195
40.0,40.0,1.0,9.0,5.0,5.0,104.0,107.0,-2.620175675898647
40.0,40.0,1.0,9.0,5.0,5.0,104.0,108.0,-2.6929105416404857
40.0,40.0,1.0,9.0,5.0,5.0,104.0,109.0,-2.6017363087138565
40.0,40.0,1.0,9.0,5.0,5.0,104.0,110.0,-2.654486064371991
40.0,40.0,1.0,9.0,5.0,5.0,105.0,101.0,-2.7317852887290908
40.0,40.0,1.0,9.0,5.0,5.0,105.0,102.0,-2.9258181720729337
40.0,40.0,1.0,9.0,5.0,5.0,105.0,103.0,-2.8558656836665146
40.0,40.0,1.0,9.0,5.0,5.0,105.0,104.0,-2.5943849825561593
40.0,40.0,1.0,9.0,5.0,5.0,105.0,105.0,-2.7860079925061125
40.0,40.0,1.0,9.0,5.0,5.0,105.0,106.0,-2.77812764272207
40.0,40.0,1.0,9.0,5.0,5.0,105.0,107.0,-2.808665878776072
40.0,40.0,1.0,9.0,5.0,5.0,105.0,108.0,-2.746477851171599
40.0,40.0,1.0,9.0,5.0,5.0,105.0,109.0,-2.6177765265875497
40.0,40.0,1.0,9.0,5.0,5.0,105.0,110.0,-2.6846343847474103
40.0,40.0,1.0,10.0,5.0,5.0,101.0,101.0,-3.1032073030351626
40.0,40.0,1.0,10.0,5.0,5.0,101.0,102.0,-3.093271113016576
40.0,40.0,1.0,10.0,5.0,5.0,101.0,103.0,-3.4261657219951767
40.0,40.0,1.0,10.0,5.0,5.0,101.0,104.0,-3.1108799301944874
40.0,40.0,1.0,10.0,5.0,5.0,101.0,105.0,-3.2169838160286734
40.0,40.0,1.0,10.0,5.0,5.0,101.0,106.0,-3.1730076784093866
40.0,40.0,1.0,10.0,5.0,5.0,101.0,107.0,-3.013345611228272
40.0,40.0,1.0,10.0,5.0,5.0,101.0,108.0,-2.9799580644470396
40.0,40.0,1.0,10.0,5.0,5.0,101.0,109.0,-3.037335672975055
40.0,40.0,1.0,10.0,5.0,5.0,101.0,110.0,-2.9890793812789043
40.0,40.0,1.0,10.0,5.0,5.0,102.0,101.0,-3.0009411205328136
40.0,40.0,1.0,10.0,5.0,5.0,102.0,102.0,-2.9578873872517937
40.0,40.0,1.0,10.0,5.0,5.0,102.0,103.0,-3.156077171702423
40.0,40.0,1.0,10.0,5.0,5.0,102.0,104.0,-3.1463806533247105
40.0,40.0,1.0,10.0,5.0,5.0,102.0,105.0,-2.7705062986612785
40.0,40.0,1.0,10.0,5.0,5.0,102.0,106.0,-3.0394251752705794
40.0,40.0,1.0,10.0,5.0,5.0,102.0,107.0,-2.7989197401511747
40.0,40.0,1.0,10.0,5.0,5.0,102.0,108.0,-2.7953662189325152
40.0,40.0,1.0,10.0,5.0,5.0,102.0,109.0,-2.812422976145799
40.0,40.0,1.0,10.0,5.0,5.0,102.0,110.0,-2.857522191280837
40.0,40.0,1.0,10.0,5.0,5.0,103.0,101.0,-3.150993097301397
40.0,40.0,1.0,10.0,5.0,5.0,103.0,102.0,-2.8180262662405573
40.0,40.0,1.0,10.0,5.0,5.0,103.0,103.0,-3.092676548313334
40.0,40.0,1.0,10.0,5.0,5.0,103.0,104.0,-3.3617268478465903
40.0,40.0,1.0,10.0,5.0,5.0,103.0,105.0,-2.6386255636616878
40.0,40.0,1.0,10.0,5.0,5.0,103.0,106.0,-2.9370245120037657
40.0,40.0,1.0,10.0,5.0,5.0,103.0,107.0,-3.3131001253260672
40.0,40.0,1.0,10.0,5.0,5.0,103.0,108.0,-2.905189385084482
40.0,40.0,1.0,10.0,5.0,5.0,103.0,109.0,-3.393904253401443
40.0,40.0,1.0,10.0,5.0,5.0,103.0,110.0,-2.847776356592808
40.0,40.0,1.0,10.0,5.0,5.0,104.0,101.0,-2.652808956796241
40.0,40.0,1.0,10.0,5.0,5.0,104.0,102.0,-2.539003013999746
40.0,40.0,1.0,10.0,5.0,5.0,104.0,103.0,-2.5903002710899243
40.0,40.0,1.0,10.0,5.0,5.0,104.0,104.0,-2.613888281424785
40.0,40.0,1.0,10.0,5.0,5.0,104.0,105.0,-2.8853515654238695
40.0,40.0,1.0,10.0,5.0,5.0,104.0,106.0,-2.7502953404120043
40.0,40.0,1.0,10.0,5.0,5.0,104.0,107.0,-2.6583155551445308
40.0,40.0,1.0,10.0,5.0,5.0,104.0,108.0,-2.7347697483934716
40.0,40.0,1.0,10.0,5.0,5.0,104.0,109.0,-2.638204467794752
40.0,40.0,1.0,10.0,5.0,5.0,104.0,110.0,-2.693749191489442
40.0,40.0,1.0,10.0,5.0,5.0,105.0,101.0,-2.7768349065557505
40.0,40.0,1.0,10.0,5.0,5.0,105.0,102.0,-2.9752238824423407
40.0,40.0,1.0,10.0,5.0,5.0,105.0,103.0,-2.903298193528443
40.0,40.0,1.0,10.0,5.0,5.0,105.0,104.0,-2.634314309168085
40.0,40.0,1.0,10.0,5.0,5.0,105.0,105.0,-2.834796119167707
40.0,40.0,1.0,10.0,5.0,5.0,105.0,106.0,-2.822799230007072
40.0,40.0,1.0,10.0,5.0,5.0,105.0,107.0,-2.8538006329683165
40.0,40.0,1.0,10.0,5.0,5.0,105.0,108.0,-2.7915297336511684
40.0,40.0,1.0,10.0,5.0,5.0,105.0,109.0,-2.661844020226108
40.0,40.0,1.0,10.0,5.0,5.0,105.0,110.0,-2.7281328334743677
40.0,40.0,5.0,1.0,5.0,5.0,101.0,101.0,-2.282204022487102
40.0,40.0,5.0,1.0,5.0,5.0,101.0,102.0,-2.2670446247566405
40.0,40.0,5.0,1.0,5.0,5.0,101.0,103.0,-2.3499355575020195
40.0,40.0,5.0,1.0,5.0,5.0,101.0,104.0,-2.272916506888436
40.0,40.0,5.0,1.0,5.0,5.0,101.0,105.0,-2.284861949595222
40.0,40.0,5.0,1.0,5.0,5.0,101.0,106.0,-2.243021243671875
40.0,40.0,5.0,1.0,5.0,5.0,101.0,107.0,-2.247994501689703
40.0,40.0,5.0,1.0,5.0,5.0,101.0,108.0,-2.222163651539368
40.0,40.0,5.0,1.0,5.0,5.0,101.0,109.0,-2.2611562675095933
40.0,40.0,5.0,1.0,5.0,5.0,101.0,110.0,-2.254749372923269
40.0,40.0,5.0,1.0,5.0,5.0,102.0,101.0,-2.2312683065027916
40.0,40.0,5.0,1.0,5.0,5.0,102.0,102.0,-2.1969953671745555
40.0,40.0,5.0,1.0,5.0,5.0,102.0,103.0,-2.246377768949217
40.0,40.0,5.0,1.0,5.0,5.0,102.0,104.0,-2.250557452632602
40.0,40.0,5.0,1.0,5.0,5.0,102.0,105.0,-2.2084718912346037
40.0,40.0,5.0,1.0,5.0,5.0,102.0,106.0,-2.1887340658546934
40.0,40.0,5.0,1.0,5.0,5.0,102.0,107.0,-2.203381836535078
40.0,40.0,5.0,1.0,5.0,5.0,102.0,108.0,-2.175803581742368
40.0,40.0,5.0,1.0,5.0,5.0,102.0,109.0,-2.2077759641007324
40.0,40.0,5.0,1.0,5.0,5.0,102.0,110.0,-2.191266662394859
40.0,40.0,5.0,1.0,5.0,5.0,103.0,101.0,-2.22131730020131
40.0,40.0,5.0,1.0,5.0,5.0,103.0,102.0,-2.2354016798679357
40.0,40.0,5.0,1.0,5.0,5.0,103.0,103.0,-2.2305691029686767
40.0,40.0,5.0,1.0,5.0,5.0,103.0,104.0,-2.2517417122446837
40.0,40.0,5.0,1.0,5.0,5.0,103.0,105.0,-2.189554122439207
40.0,40.0,5.0,1.0,5.0,5.0,103.0,106.0,-2.2334092186621493
40.0,40.0,5.0,1.0,5.0,5.0,103.0,107.0,-2.248794532736505
40.0,40.0,5.0,1.0,5.0,5.0,103.0,108.0,-2.227821772910942
40.0,40.0,5.0,1.0,5.0,5.0,103.0,109.0,-2.2541888029760373
40.0,40.0,5.0,1.0,5.0,5.0,103.0,110.0,-2.1964205473065967
40.0,40.0,5.0,1.0,5.0,5.0,104.0,101.0,-2.1806456138629278
40.0,40.0,5.0,1.0,5.0,5.0,104.0,102.0,-2.164605787911733
40.0,40.0,5.0,1.0,5.0,5.0,104.0,103.0,-2.16881296560899
40.0,40.0,5.0,1.0,5.0,5.0,104.0,104.0,-2.169604273290463
40.0,40.0,5.0,1.0,5.0,5.0,104.0,105.0,-2.249797214652314
40.0,40.0,5.0,1.0,5.0,5.0,104.0,106.0,-2.195520589470473
40.0,40.0,5.0,1.0,5.0,5.0,104.0,107.0,-2.1818000442756973
40.0,40.0,5.0,1.0,5.0,5.0,104.0,108.0,-2.2122293119784984
40.0,40.0,5.0,1.0,5.0,5.0,104.0,109.0,-2.1975290997913786
40.0,40.0,5.0,1.0,5.0,5.0,104.0,110.0,-2.182222921600025
40.0,40.0,5.0,1.0,5.0,5.0,105.0,101.0,-2.142115486715963
40.0,40.0,5.0,1.0,5.0,5.0,105.0,102.0,-2.201390880268879
40.0,40.0,5.0,1.0,5.0,5.0,105.0,103.0,-2.1512968076230883
40.0,40.0,5.0,1.0,5.0,5.0,105.0,104.0,-2.100625511156328
40.0,40.0,5.0,1.0,5.0,5.0,105.0,105.0,-2.1182596292184908
40.0,40.0,5.0,1.0,5.0,5.0,105.0,106.0,-2.131794154170588
40.0,40.0,5.0,1.0,5.0,5.0,105.0,107.0,-2.1415220173424103
40.0,40.0,5.0,1.0,5.0,5.0,105.0,108.0,-2.12939932350965
40.0,40.0,5.0,1.0,5.0,5.0,105.0,109.0,-2.118104228744031
40.0,40.0,5.0,1.0,5.0,5.0,105.0,110.0,-2.1380280811568997
40.0,40.0,5.0,2.0,5.0,5.0,101.0,101.0,-2.167528546275006
40.0,40.0,5.0,2.0,5.0,5.0,101.0,102.0,-2.1622075689606217
40.0,40.0,5.0,2.0,5.0,5.0,101.0,103.0,-2.2450452213196526
40.0,40.0,5.0,2.0,5.0,5.0,101.0,104.0,-2.177023841160632
40.0,40.0,5.0,2.0,5.0,5.0,101.0,105.0,-2.1879679052778274
40.0,40.0,5.0,2.0,5.0,5.0,101.0,106.0,-2.1410814042274624
40.0,40.0,5.0,2.0,5.0,5.0,101.0,107.0,-2.1378631228182936
40.0,40.0,5.0,2.0,5.0,5.0,101.0,108.0,-2.111708038701309
40.0,40.0,5.0,2.0,5.0,5.0,101.0,109.0,-2.16290868368711
40.0,40.0,5.0,2.0,5.0,5.0,101.0,110.0,-2.1533673483894633
40.0,40.0,5.0,2.0,5.0,5.0,102.0,101.0,-2.1111418357754106
40.0,40.0,5.0,2.0,5.0,5.0,102.0,102.0,-2.0803423644591197
40.0,40.0,5.0,2.0,5.0,5.0,102.0,103.0,-2.1185965899899637
40.0,40.0,5.0,2.0,5.0,5.0,102.0,104.0,-2.144335346107173
40.0,40.0,5.0,2.0,5.0,5.0,102.0,105.0,-2.097414534300769
40.0,40.0,5.0,2.0,5.0,5.0,102.0,106.0,-2.0770313151418938
40.0,40.0,5.0,2.0,5.0,5.0,102.0,107.0,-2.0872174460020188
40.0,40.0,5.0,2.0,5.0,5.0,102.0,108.0,-2.05477545227525
40.0,40.0,5.0,2.0,5.0,5.0,102.0,109.0,-2.0948217498391157
40.0,40.0,5.0,2.0,5.0,5.0,102.0,110.0,-2.065427280260217
40.0,40.0,5.0,2.0,5.0,5.0,103.0,101.0,-2.122263491091653
40.0,40.0,5.0,2.0,5.0,5.0,103.0,102.0,-2.1350536413428287
40.0,40.0,5.0,2.0,5.0,5.0,103.0,103.0,-2.113876239684962
40.0,40.0,5.0,2.0,5.0,5.0,103.0,104.0,-2.1328380961752473
40.0,40.0,5.0,2.0,5.0,5.0,103.0,105.0,-2.0744642854587476
40.0,40.0,5.0,2.0,5.0,5.0,103.0,106.0,-2.124908423387868
40.0,40.0,5.0,2.0,5.0,5.0,103.0,107.0,-2.121517215356251
40.0,40.0,5.0,2.0,5.0,5.0,103.0,108.0,-2.124111898699612
40.0,40.0,5.0,2.0,5.0,5.0,103.0,109.0,-2.1442562677267722
40.0,40.0,5.0,2.0,5.0,5.0,103.0,110.0,-2.0784935725214653
40.0,40.0,5.0,2.0,5.0,5.0,104.0,101.0,-2.067054300817422
40.0,40.0,5.0,2.0,5.0,5.0,104.0,102.0,-2.0377233219399353
40.0,40.0,5.0,2.0,5.0,5.0,104.0,103.0,-2.049550165800397
40.0,40.0,5.0,2.0,5.0,5.0,104.0,104.0,-2.048199481431684
40.0,40.0,5.0,2.0,5.0,5.0,104.0,105.0,-2.1356392210933786
40.0,40.0,5.0,2.0,5.0,5.0,104.0,106.0,-2.071060820818008
40.0,40.0,5.0,2.0,5.0,5.0,104.0,107.0,-2.0619855752064216
40.0,40.0,5.0,2.0,5.0,5.0,104.0,108.0,-2.097263270035658
40.0,40.0,5.0,2.0,5.0,5.0,104.0,109.0,-2.084986790491754
40.0,40.0,5.0,2.0,5.0,5.0,104.0,110.0,-2.0512458093008137
40.0,40.0,5.0,2.0,5.0,5.0,105.0,101.0,-2.033730917409249
40.0,40.0,5.0,2.0,5.0,5.0,105.0,102.0,-2.0993215741285933
40.0,40.0,5.0,2.0,5.0,5.0,105.0,103.0,-2.0431953214767824
40.0,40.0,5.0,2.0,5.0,5.0,105.0,104.0,-1.9776114956240085
40.0,40.0,5.0,2.0,5.0,5.0,105.0,105.0,-1.9939760160336653
40.0,40.0,5.0,2.0,5.0,5.0,105.0,106.0,-2.0186112608897324
40.0,40.0,5.0,2.0,5.0,5.0,105.0,107.0,-2.0254551942218475
40.0,40.0,5.0,2.0,5.0,5.0,105.0,108.0,-2.0101693025391687
40.0,40.0,5.0,2.0,5.0,5.0,105.0,109.0,-1.9908154232365916
40.0,40.0,5.0,2.0,5.0,5.0,105.0,110.0,-2.0049584914777574
40.0,40.0,5.0,3.0,5.0,5.0,101.0,101.0,-2.13656135958185
40.0,40.0,5.0,3.0,5.0,5.0,101.0,102.0,-2.1303087173903767
40.0,40.0,5.0,3.0,5.0,5.0,101.0,103.0,-2.222050636535595
40.0,40.0,5.0,3.0,5.0,5.0,101.0,104.0,-2.1539884057774814
40.0,40.0,5.0,3.0,5.0,5.0,101.0,105.0,-2.1607613301967463
40.0,40.0,5.0,3.0,5.0,5.0,101.0,106.0,-2.119860670001878
40.0,40.0,5.0,3.0,5.0,5.0,101.0,107.0,-2.1030216915695
40.0,40.0,5.0,3.0,5.0,5.0,101.0,108.0,-2.080273425943414
40.0,40.0,5.0,3.0,5.0,5.0,101.0,109.0,-2.135264824004414
40.0,40.0,5.0,3.0,5.0,5.0,101.0,110.0,-2.124506748948157
40.0,40.0,5.0,3.0,5.0,5.0,102.0,101.0,-2.071514476726861
40.0,40.0,5.0,3.0,5.0,5.0,102.0,102.0,-2.041091353755464
40.0,40.0,5.0,3.0,5.0,5.0,102.0,103.0,-2.0755382620682123
40.0,40.0,5.0,3.0,5.0,5.0,102.0,104.0,-2.1140968448142465
40.0,40.0,5.0,3.0,5.0,5.0,102.0,105.0,-2.0600155170018755
40.0,40.0,5.0,3.0,5.0,5.0,102.0,106.0,-2.0357641049897
40.0,40.0,5.0,3.0,5.0,5.0,102.0,107.0,-2.0469134799845894
40.0,40.0,5.0,3.0,5.0,5.0,102.0,108.0,-2.0132417051382836
40.0,40.0,5.0,3.0,5.0,5.0,102.0,109.0,-2.0576996425779512
40.0,40.0,5.0,3.0,5.0,5.0,102.0,110.0,-2.020433002573096
40.0,40.0,5.0,3.0,5.0,5.0,103.0,101.0,-2.0962932834905796
40.0,40.0,5.0,3.0,5.0,5.0,103.0,102.0,-2.1026235056787383
40.0,40.0,5.0,3.0,5.0,5.0,103.0,103.0,-2.070558239580233
40.0,40.0,5.0,3.0,5.0,5.0,103.0,104.0,-2.098883945500903
40.0,40.0,5.0,3.0,5.0,5.0,103.0,105.0,-2.0384937428783347
40.0,40.0,5.0,3.0,5.0,5.0,103.0,106.0,-2.092573587447468
40.0,40.0,5.0,3.0,5.0,5.0,103.0,107.0,-2.083699212503415
40.0,40.0,5.0,3.0,5.0,5.0,103.0,108.0,-2.0985714899488057
40.0,40.0,5.0,3.0,5.0,5.0,103.0,109.0,-2.1148976876366326
40.0,40.0,5.0,3.0,5.0,5.0,103.0,110.0,-2.047472015986954
40.0,40.0,5.0,3.0,5.0,5.0,104.0,101.0,-2.0311105967724945
40.0,40.0,5.0,3.0,5.0,5.0,104.0,102.0,-1.9896344423719994
40.0,40.0,5.0,3.0,5.0,5.0,104.0,103.0,-2.0130122565782456
40.0,40.0,5.0,3.0,5.0,5.0,104.0,104.0,-2.0047291184615936
40.0,40.0,5.0,3.0,5.0,5.0,104.0,105.0,-2.103702983693735
40.0,40.0,5.0,3.0,5.0,5.0,104.0,106.0,-2.031525546028888
40.0,40.0,5.0,3.0,5.0,5.0,104.0,107.0,-2.019575935393218
40.0,40.0,5.0,3.0,5.0,5.0,104.0,108.0,-2.057798647935598
40.0,40.0,5.0,3.0,5.0,5.0,104.0,109.0,-2.053068320967108
40.0,40.0,5.0,3.0,5.0,5.0,104.0,110.0,-2.00219358553407
40.0,40.0,5.0,3.0,5.0,5.0,105.0,101.0,-2.0023290354098284
40.0,40.0,5.0,3.0,5.0,5.0,105.0,102.0,-2.0759431214345176
40.0,40.0,5.0,3.0,5.0,5.0,105.0,103.0,-2.01632942700356
40.0,40.0,5.0,3.0,5.0,5.0,105.0,104.0,-1.9441863187065285
40.0,40.0,5.0,3.0,5.0,5.0,105.0,105.0,-1.951227367773627
40.0,40.0,5.0,3.0,5.0,5.0,105.0,106.0,-1.9832568525030154
40.0,40.0,5.0,3.0,5.0,5.0,105.0,107.0,-1.991053849181201
40.0,40.0,5.0,3.0,5.0,5.0,105.0,108.0,-1.9711559339029763
40.0,40.0,5.0,3.0,5.0,5.0,105.0,109.0,-1.9511331073517533
40.0,40.0,5.0,3.0,5.0,5.0,105.0,110.0,-1.9552133691291733
40.0,40.0,5.0,4.0,5.0,5.0,101.0,101.0,-2.1359699955138325
40.0,40.0,5.0,4.0,5.0,5.0,101.0,102.0,-2.1225140041463373
40.0,40.0,5.0,4.0,5.0,5.0,101.0,103.0,-2.215726612440275
40.0,40.0,5.0,4.0,5.0,5.0,101.0,104.0,-2.151973112392569
40.0,40.0,5.0,4.0,5.0,5.0,101.0,105.0,-2.1609243798530544
40.0,40.0,5.0,4.0,5.0,5.0,101.0,106.0,-2.121591622347228
40.0,40.0,5.0,4.0,5.0,5.0,101.0,107.0,-2.0924177491543623
40.0,40.0,5.0,4.0,5.0,5.0,101.0,108.0,-2.0735647381484754
40.0,40.0,5.0,4.0,5.0,5.0,101.0,109.0,-2.1339322709427706
40.0,40.0,5.0,4.0,5.0,5.0,101.0,110.0,-2.1220998271806955
40.0,40.0,5.0,4.0,5.0,5.0,102.0,101.0,-2.054357558025866
40.0,40.0,5.0,4.0,5.0,5.0,102.0,102.0,-2.0304564547158215
40.0,40.0,5.0,4.0,5.0,5.0,102.0,103.0,-2.055144350784097
40.0,40.0,5.0,4.0,5.0,5.0,102.0,104.0,-2.098802432756406
40.0,40.0,5.0,4.0,5.0,5.0,102.0,105.0,-2.0475303089489834
40.0,40.0,5.0,4.0,5.0,5.0,102.0,106.0,-2.0235661190831613
40.0,40.0,5.0,4.0,5.0,5.0,102.0,107.0,-2.0267058160653413
40.0,40.0,5.0,4.0,5.0,5.0,102.0,108.0,-1.9930795517495699
40.0,40.0,5.0,4.0,5.0,5.0,102.0,109.0,-2.04566423860402
40.0,40.0,5.0,4.0,5.0,5.0,102.0,110.0,-2.0016843482443725
40.0,40.0,5.0,4.0,5.0,5.0,103.0,101.0,-2.0928251879221635
40.0,40.0,5.0,4.0,5.0,5.0,103.0,102.0,-2.095587735117231
40.0,40.0,5.0,4.0,5.0,5.0,103.0,103.0,-2.06016976704174
40.0,40.0,5.0,4.0,5.0,5.0,103.0,104.0,-2.0804956530228185
40.0,40.0,5.0,4.0,5.0,5.0,103.0,105.0,-2.026678755474141
40.0,40.0,5.0,4.0,5.0,5.0,103.0,106.0,-2.0845410346558038
40.0,40.0,5.0,4.0,5.0,5.0,103.0,107.0,-2.0652374775461486
40.0,40.0,5.0,4.0,5.0,5.0,103.0,108.0,-2.085099193166158
40.0,40.0,5.0,4.0,5.0,5.0,103.0,109.0,-2.101733987044575
40.0,40.0,5.0,4.0,5.0,5.0,103.0,110.0,-2.0309675553958275
40.0,40.0,5.0,4.0,5.0,5.0,104.0,101.0,-2.01614267749607
40.0,40.0,5.0,4.0,5.0,5.0,104.0,102.0,-1.9643239785608122
40.0,40.0,5.0,4.0,5.0,5.0,104.0,103.0,-1.9970113044531264
40.0,40.0,5.0,4.0,5.0,5.0,104.0,104.0,-1.9862346551956844
40.0,40.0,5.0,4.0,5.0,5.0,104.0,105.0,-2.100746069967728
40.0,40.0,5.0,4.0,5.0,5.0,104.0,106.0,-2.0122866279811964
40.0,40.0,5.0,4.0,5.0,5.0,104.0,107.0,-2.003198319969143
40.0,40.0,5.0,4.0,5.0,5.0,104.0,108.0,-2.0491818146887093
40.0,40.0,5.0,4.0,5.0,5.0,104.0,109.0,-2.0374750807279316
40.0,40.0,5.0,4.0,5.0,5.0,104.0,110.0,-1.9791433334887405
40.0,40.0,5.0,4.0,5.0,5.0,105.0,101.0,-1.993104112924066
40.0,40.0,5.0,4.0,5.0,5.0,105.0,102.0,-2.0754735847976797
40.0,40.0,5.0,4.0,5.0,5.0,105.0,103.0,-2.0181403471753065
40.0,40.0,5.0,4.0,5.0,5.0,105.0,104.0,-1.9148554859519762
40.0,40.0,5.0,4.0,5.0,5.0,105.0,105.0,-1.9328212892469157
40.0,40.0,5.0,4.0,5.0,5.0,105.0,106.0,-1.9710064895528705
40.0,40.0,5.0,4.0,5.0,5.0,105.0,107.0,-1.9796003860538716
40.0,40.0,5.0,4.0,5.0,5.0,105.0,108.0,-1.9580097608469322
40.0,40.0,5.0,4.0,5.0,5.0,105.0,109.0,-1.9346044217299836
40.0,40.0,5.0,4.0,5.0,5.0,105.0,110.0,-1.929925212677115
40.0,40.0,5.0,5.0,5.0,5.0,101.0,101.0,-2.1360154460577787
40.0,40.0,5.0,5.0,5.0,5.0,101.0,102.0,-2.124589534997151
40.0,40.0,5.0,5.0,5.0,5.0,101.0,103.0,-2.2269764247864745
40.0,40.0,5.0,5.0,5.0,5.0,101.0,104.0,-2.159627052721448
40.0,40.0,5.0,5.0,5.0,5.0,101.0,105.0,-2.164627232094237
40.0,40.0,5.0,5.0,5.0,5.0,101.0,106.0,-2.123166574986545
40.0,40.0,5.0,5.0,5.0,5.0,101.0,107.0,-2.0906660125913095
40.0,40.0,5.0,5.0,5.0,5.0,101.0,108.0,-2.0784938583399777
40.0,40.0,5.0,5.0,5.0,5.0,101.0,109.0,-2.1404167491890904
40.0,40.0,5.0,5.0,5.0,5.0,101.0,110.0,-2.128327812199326
40.0,40.0,5.0,5.0,5.0,5.0,102.0,101.0,-2.0495321048070148
40.0,40.0,5.0,5.0,5.0,5.0,102.0,102.0,-2.0277820530657404
40.0,40.0,5.0,5.0,5.0,5.0,102.0,103.0,-2.0495092665231627
40.0,40.0,5.0,5.0,5.0,5.0,102.0,104.0,-2.098372451641975
40.0,40.0,5.0,5.0,5.0,5.0,102.0,105.0,-2.0448848324559017
40.0,40.0,5.0,5.0,5.0,5.0,102.0,106.0,-2.0185803627342356
40.0,40.0,5.0,5.0,5.0,5.0,102.0,107.0,-2.020962955234393
40.0,40.0,5.0,5.0,5.0,5.0,102.0,108.0,-1.9854038510557805
40.0,40.0,5.0,5.0,5.0,5.0,102.0,109.0,-2.0412850020704
40.0,40.0,5.0,5.0,5.0,5.0,102.0,110.0,-1.9926569601431539
40.0,40.0,5.0,5.0,5.0,5.0,103.0,101.0,-2.0979444904018956
40.0,40.0,5.0,5.0,5.0,5.0,103.0,102.0,-2.0931676272590205
40.0,40.0,5.0,5.0,5.0,5.0,103.0,103.0,-2.0490926692403986
40.0,40.0,5.0,5.0,5.0,5.0,103.0,104.0,-2.0785162934730588
40.0,40.0,5.0,5.0,5.0,5.0,103.0,105.0,-2.025750751591556
40.0,40.0,5.0,5.0,5.0,5.0,103.0,106.0,-2.0892313008018712
40.0,40.0,5.0,5.0,5.0,5.0,103.0,107.0,-2.055490009811461
40.0,40.0,5.0,5.0,5.0,5.0,103.0,108.0,-2.0945239752892113
40.0,40.0,5.0,5.0,5.0,5.0,103.0,109.0,-2.1025944450442204
40.0,40.0,5.0,5.0,5.0,5.0,103.0,110.0,-2.026202667597808
40.0,40.0,5.0,5.0,5.0,5.0,104.0,101.0,-2.016712937814245
40.0,40.0,5.0,5.0,5.0,5.0,104.0,102.0,-1.9565105645212901
40.0,40.0,5.0,5.0,5.0,5.0,104.0,103.0,-1.992781419394392
40.0,40.0,5.0,5.0,5.0,5.0,104.0,104.0,-1.9799387021025696
40.0,40.0,5.0,5.0,5.0,5.0,104.0,105.0,-2.1040767618266756
40.0,40.0,5.0,5.0,5.0,5.0,104.0,106.0,-2.00852715896532
40.0,40.0,5.0,5.0,5.0,5.0,104.0,107.0,-2.0003996571755622
40.0,40.0,5.0,5.0,5.0,5.0,104.0,108.0,-2.045925806277095
40.0,40.0,5.0,5.0,5.0,5.0,104.0,109.0,-2.034869158132618
40.0,40.0,5.0,5.0,5.0,5.0,104.0,110.0,-1.972563272745007
40.0,40.0,5.0,5.0,5.0,5.0,105.0,101.0,-1.9935718317283277
40.0,40.0,5.0,5.0,5.0,5.0,105.0,102.0,-2.053793516193656
40.0,40.0,5.0,5.0,5.0,5.0,105.0,103.0,-2.022102668975535
40.0,40.0,5.0,5.0,5.0,5.0,105.0,104.0,-1.9048632763926339
40.0,40.0,5.0,5.0,5.0,5.0,105.0,105.0,-1.9276523112597057
40.0,40.0,5.0,5.0,5.0,5.0,105.0,106.0,-1.9730531921617067
40.0,40.0,5.0,5.0,5.0,5.0,105.0,107.0,-1.976807142349796
40.0,40.0,5.0,5.0,5.0,5.0,105.0,108.0,-1.9563564566544418
40.0,40.0,5.0,5.0,5.0,5.0,105.0,109.0,-1.92714115697222
40.0,40.0,5.0,5.0,5.0,5.0,105.0,110.0,-1.9195236499196708
40.0,40.0,5.0,6.0,5.0,5.0,101.0,101.0,-2.143711176638511
40.0,40.0,5.0,6.0,5.0,5.0,101.0,102.0,-2.1294801961936245
40.0,40.0,5.0,6.0,5.0,5.0,101.0,103.0,-2.238339707695108
40.0,40.0,5.0,6.0,5.0,5.0,101.0,104.0,-2.165054926267887
40.0,40.0,5.0,6.0,5.0,5.0,101.0,105.0,-2.1716533744735567
40.0,40.0,5.0,6.0,5.0,5.0,101.0,106.0,-2.1356094792591405
40.0,40.0,5.0,6.0,5.0,5.0,101.0,107.0,-2.0977993792837983
40.0,40.0,5.0,6.0,5.0,5.0,101.0,108.0,-2.0866863828014433
40.0,40.0,5.0,6.0,5.0,5.0,101.0,109.0,-2.1504466204352775
40.0,40.0,5.0,6.0,5.0,5.0,101.0,110.0,-2.131903593765359
40.0,40.0,5.0,6.0,5.0,5.0,102.0,101.0,-2.0503132811110314
40.0,40.0,5.0,6.0,5.0,5.0,102.0,102.0,-2.027964725586786
40.0,40.0,5.0,6.0,5.0,5.0,102.0,103.0,-2.0456243220958226
40.0,40.0,5.0,6.0,5.0,5.0,102.0,104.0,-2.1056215727855894
40.0,40.0,5.0,6.0,5.0,5.0,102.0,105.0,-2.0525287759217923
40.0,40.0,5.0,6.0,5.0,5.0,102.0,106.0,-2.0198875431472336
40.0,40.0,5.0,6.0,5.0,5.0,102.0,107.0,-2.024211529102724
40.0,40.0,5.0,6.0,5.0,5.0,102.0,108.0,-1.9887918735293517
40.0,40.0,5.0,6.0,5.0,5.0,102.0,109.0,-2.0375644060814744
40.0,40.0,5.0,6.0,5.0,5.0,102.0,110.0,-1.994467663089052
40.0,40.0,5.0,6.0,5.0,5.0,103.0,101.0,-2.1076397448687825
40.0,40.0,5.0,6.0,5.0,5.0,103.0,102.0,-2.1026311665462716
40.0,40.0,5.0,6.0,5.0,5.0,103.0,103.0,-2.0571957089583277
40.0,40.0,5.0,6.0,5.0,5.0,103.0,104.0,-2.0847100295720815
40.0,40.0,5.0,6.0,5.0,5.0,103.0,105.0,-2.027251707936182
40.0,40.0,5.0,6.0,5.0,5.0,103.0,106.0,-2.0922660390429164
40.0,40.0,5.0,6.0,5.0,5.0,103.0,107.0,-2.0561405406644067
40.0,40.0,5.0,6.0,5.0,5.0,103.0,108.0,-2.100548772848748
40.0,40.0,5.0,6.0,5.0,5.0,103.0,109.0,-2.1082010909825644
40.0,40.0,5.0,6.0,5.0,5.0,103.0,110.0,-2.0286826098716957
40.0,40.0,5.0,6.0,5.0,5.0,104.0,101.0,-2.0126935645564576
40.0,40.0,5.0,6.0,5.0,5.0,104.0,102.0,-1.959704989727662
40.0,40.0,5.0,6.0,5.0,5.0,104.0,103.0,-1.996473596230625
40.0,40.0,5.0,6.0,5.0,5.0,104.0,104.0,-1.9823427781559904
40.0,40.0,5.0,6.0,5.0,5.0,104.0,105.0,-2.106475176757387
40.0,40.0,5.0,6.0,5.0,5.0,104.0,106.0,-2.005976605412008
40.0,40.0,5.0,6.0,5.0,5.0,104.0,107.0,-1.9995874146358754
40.0,40.0,5.0,6.0,5.0,5.0,104.0,108.0,-2.0475144478031293
40.0,40.0,5.0,6.0,5.0,5.0,104.0,109.0,-2.0416495094411586
40.0,40.0,5.0,6.0,5.0,5.0,104.0,110.0,-1.9671935468611763
40.0,40.0,5.0,6.0,5.0,5.0,105.0,101.0,-1.9955628907529608
40.0,40.0,5.0,6.0,5.0,5.0,105.0,102.0,-2.095325873129461
40.0,40.0,5.0,6.0,5.0,5.0,105.0,103.0,-2.0343261018987895
40.0,40.0,5.0,6.0,5.0,5.0,105.0,104.0,-1.905911756291978
40.0,40.0,5.0,6.0,5.0,5.0,105.0,105.0,-1.919848082614691
40.0,40.0,5.0,6.0,5.0,5.0,105.0,106.0,-1.9747263927305272
40.0,40.0,5.0,6.0,5.0,5.0,105.0,107.0,-1.9821636879249258
40.0,40.0,5.0,6.0,5.0,5.0,105.0,108.0,-1.958603090806054
40.0,40.0,5.0,6.0,5.0,5.0,105.0,109.0,-1.9297323183332775
40.0,40.0,5.0,6.0,5.0,5.0,105.0,110.0,-1.9129323021263085
40.0,40.0,5.0,7.0,5.0,5.0,101.0,101.0,-2.152683604460442
40.0,40.0,5.0,7.0,5.0,5.0,101.0,102.0,-2.1374091039313026
40.0,40.0,5.0,7.0,5.0,5.0,101.0,103.0,-2.2500443403194423
40.0,40.0,5.0,7.0,5.0,5.0,101.0,104.0,-2.1790433729000385
40.0,40.0,5.0,7.0,5.0,5.0,101.0,105.0,-2.1783323358716644
40.0,40.0,5.0,7.0,5.0,5.0,101.0,106.0,-2.1495189373053174
40.0,40.0,5.0,7.0,5.0,5.0,101.0,107.0,-2.099874894490946
40.0,40.0,5.0,7.0,5.0,5.0,101.0,108.0,-2.0939237236641137
40.0,40.0,5.0,7.0,5.0,5.0,101.0,109.0,-2.1617321193573042
40.0,40.0,5.0,7.0,5.0,5.0,101.0,110.0,-2.1510931562551376
40.0,40.0,5.0,7.0,5.0,5.0,102.0,101.0,-2.053745286560528
40.0,40.0,5.0,7.0,5.0,5.0,102.0,102.0,-2.0372208328267463
40.0,40.0,5.0,7.0,5.0,5.0,102.0,103.0,-2.04744919110717
40.0,40.0,5.0,7.0,5.0,5.0,102.0,104.0,-2.1166803333039343
40.0,40.0,5.0,7.0,5.0,5.0,102.0,105.0,-2.061079003737224
40.0,40.0,5.0,7.0,5.0,5.0,102.0,106.0,-2.0256723170635444
40.0,40.0,5.0,7.0,5.0,5.0,102.0,107.0,-2.0230775604448916
40.0,40.0,5.0,7.0,5.0,5.0,102.0,108.0,-1.9866585853829897
40.0,40.0,5.0,7.0,5.0,5.0,102.0,109.0,-2.045018769487222
40.0,40.0,5.0,7.0,5.0,5.0,102.0,110.0,-1.99578487340287
40.0,40.0,5.0,7.0,5.0,5.0,103.0,101.0,-2.1218404518466643
40.0,40.0,5.0,7.0,5.0,5.0,103.0,102.0,-2.108064040803116
40.0,40.0,5.0,7.0,5.0,5.0,103.0,103.0,-2.058026559335657
40.0,40.0,5.0,7.0,5.0,5.0,103.0,104.0,-2.0869494177183427
40.0,40.0,5.0,7.0,5.0,5.0,103.0,105.0,-2.030560688497311
40.0,40.0,5.0,7.0,5.0,5.0,103.0,106.0,-2.0953179284972654
40.0,40.0,5.0,7.0,5.0,5.0,103.0,107.0,-2.058809552075528
40.0,40.0,5.0,7.0,5.0,5.0,103.0,108.0,-2.1045930441987464
40.0,40.0,5.0,7.0,5.0,5.0,103.0,109.0,-2.117598368502528
40.0,40.0,5.0,7.0,5.0,5.0,103.0,110.0,-2.038960350580331
40.0,40.0,5.0,7.0,5.0,5.0,104.0,101.0,-2.021129174048745
40.0,40.0,5.0,7.0,5.0,5.0,104.0,102.0,-1.9576384483420444
40.0,40.0,5.0,7.0,5.0,5.0,104.0,103.0,-1.9966764962867103
40.0,40.0,5.0,7.0,5.0,5.0,104.0,104.0,-1.9818122798208953
40.0,40.0,5.0,7.0,5.0,5.0,104.0,105.0,-2.1169332278177078
40.0,40.0,5.0,7.0,5.0,5.0,104.0,106.0,-2.0077755457578177
40.0,40.0,5.0,7.0,5.0,5.0,104.0,107.0,-2.005720093477815
40.0,40.0,5.0,7.0,5.0,5.0,104.0,108.0,-2.0497925916592985
40.0,40.0,5.0,7.0,5.0,5.0,104.0,109.0,-2.044525715657266
40.0,40.0,5.0,7.0,5.0,5.0,104.0,110.0,-1.9694977283869128
40.0,40.0,5.0,7.0,5.0,5.0,105.0,101.0,-2.0054401345755504
40.0,40.0,5.0,7.0,5.0,5.0,105.0,102.0,-2.115709229747301
40.0,40.0,5.0,7.0,5.0,5.0,105.0,103.0,-2.045366464238382
40.0,40.0,5.0,7.0,5.0,5.0,105.0,104.0,-1.9089237132333596
40.0,40.0,5.0,7.0,5.0,5.0,105.0,105.0,-1.9298193680691422
40.0,40.0,5.0,7.0,5.0,5.0,105.0,106.0,-1.9838362217846641
40.0,40.0,5.0,7.0,5.0,5.0,105.0,107.0,-1.9924847256352305
40.0,40.0,5.0,7.0,5.0,5.0,105.0,108.0,-1.961486639082947
40.0,40.0,5.0,7.0,5.0,5.0,105.0,109.0,-1.9317351494919088
40.0,40.0,5.0,7.0,5.0,5.0,105.0,110.0,-1.9133239088369387
40.0,40.0,5.0,8.0,5.0,5.0,101.0,101.0,-2.1651799089837036
40.0,40.0,5.0,8.0,5.0,5.0,101.0,102.0,-2.144482000722981
40.0,40.0,5.0,8.0,5.0,5.0,101.0,103.0,-2.2642104282316073
40.0,40.0,5.0,8.0,5.0,5.0,101.0,104.0,-2.188236489227321
40.0,40.0,5.0,8.0,5.0,5.0,101.0,105.0,-2.201285397879132
40.0,40.0,5.0,8.0,5.0,5.0,101.0,106.0,-2.164822218811991
40.0,40.0,5.0,8.0,5.0,5.0,101.0,107.0,-2.105525313375047
40.0,40.0,5.0,8.0,5.0,5.0,101.0,108.0,-2.1019032205372703
40.0,40.0,5.0,8.0,5.0,5.0,101.0,109.0,-2.169778212594306
40.0,40.0,5.0,8.0,5.0,5.0,101.0,110.0,-2.1614954954237575
40.0,40.0,5.0,8.0,5.0,5.0,102.0,101.0,-2.057960203991658
40.0,40.0,5.0,8.0,5.0,5.0,102.0,102.0,-2.04042505280044
40.0,40.0,5.0,8.0,5.0,5.0,102.0,103.0,-2.050929043343997
40.0,40.0,5.0,8.0,5.0,5.0,102.0,104.0,-2.125128402081816
40.0,40.0,5.0,8.0,5.0,5.0,102.0,105.0,-2.06463431863894
40.0,40.0,5.0,8.0,5.0,5.0,102.0,106.0,-2.0367819770658726
40.0,40.0,5.0,8.0,5.0,5.0,102.0,107.0,-2.0254430074127767
40.0,40.0,5.0,8.0,5.0,5.0,102.0,108.0,-1.9932784171958924
40.0,40.0,5.0,8.0,5.0,5.0,102.0,109.0,-2.0510237443196044
40.0,40.0,5.0,8.0,5.0,5.0,102.0,110.0,-2.0015525854025245
40.0,40.0,5.0,8.0,5.0,5.0,103.0,101.0,-2.1363899343148613
40.0,40.0,5.0,8.0,5.0,5.0,103.0,102.0,-2.1211468882481146
40.0,40.0,5.0,8.0,5.0,5.0,103.0,103.0,-2.0621118806815555
40.0,40.0,5.0,8.0,5.0,5.0,103.0,104.0,-2.095680753925556
40.0,40.0,5.0,8.0,5.0,5.0,103.0,105.0,-2.0429171727899638
40.0,40.0,5.0,8.0,5.0,5.0,103.0,106.0,-2.107240184979763
40.0,40.0,5.0,8.0,5.0,5.0,103.0,107.0,-2.0585679861607593
40.0,40.0,5.0,8.0,5.0,5.0,103.0,108.0,-2.119278095426665
40.0,40.0,5.0,8.0,5.0,5.0,103.0,109.0,-2.1216490037385416
40.0,40.0,5.0,8.0,5.0,5.0,103.0,110.0,-2.0408930869072797
40.0,40.0,5.0,8.0,5.0,5.0,104.0,101.0,-2.0265754005103913
40.0,40.0,5.0,8.0,5.0,5.0,104.0,102.0,-1.9586687786876653
40.0,40.0,5.0,8.0,5.0,5.0,104.0,103.0,-2.0046223514820687
40.0,40.0,5.0,8.0,5.0,5.0,104.0,104.0,-1.9866539067522742
40.0,40.0,5.0,8.0,5.0,5.0,104.0,105.0,-2.128843976856486
40.0,40.0,5.0,8.0,5.0,5.0,104.0,106.0,-2.012189228493781
40.0,40.0,5.0,8.0,5.0,5.0,104.0,107.0,-2.008736361972326
40.0,40.0,5.0,8.0,5.0,5.0,104.0,108.0,-2.0570502818218928
40.0,40.0,5.0,8.0,5.0,5.0,104.0,109.0,-2.054813038689873
40.0,40.0,5.0,8.0,5.0,5.0,104.0,110.0,-1.9732862432924854
40.0,40.0,5.0,8.0,5.0,5.0,105.0,101.0,-2.015656816480645
40.0,40.0,5.0,8.0,5.0,5.0,105.0,102.0,-2.12957130736883
40.0,40.0,5.0,8.0,5.0,5.0,105.0,103.0,-2.0591877484500305
40.0,40.0,5.0,8.0,5.0,5.0,105.0,104.0,-1.912365944413221
40.0,40.0,5.0,8.0,5.0,5.0,105.0,105.0,-1.929373909717641
40.0,40.0,5.0,8.0,5.0,5.0,105.0,106.0,-1.9886619734883408
40.0,40.0,5.0,8.0,5.0,5.0,105.0,107.0,-1.9920302249113377
40.0,40.0,5.0,8.0,5.0,5.0,105.0,108.0,-1.9695165429071315
40.0,40.0,5.0,8.0,5.0,5.0,105.0,109.0,-1.9362223205457418
40.0,40.0,5.0,8.0,5.0,5.0,105.0,110.0,-1.9117461873696373
40.0,40.0,5.0,9.0,5.0,5.0,101.0,101.0,-2.1754443992421244
40.0,40.0,5.0,9.0,5.0,5.0,101.0,102.0,-2.1552130254243154
40.0,40.0,5.0,9.0,5.0,5.0,101.0,103.0,-2.2782918509353616
40.0,40.0,5.0,9.0,5.0,5.0,101.0,104.0,-2.199737922062771
40.0,40.0,5.0,9.0,5.0,5.0,101.0,105.0,-2.2077312814690058
40.0,40.0,5.0,9.0,5.0,5.0,101.0,106.0,-2.188771980356229
40.0,40.0,5.0,9.0,5.0,5.0,101.0,107.0,-2.122975832674907
40.0,40.0,5.0,9.0,5.0,5.0,101.0,108.0,-2.11134359470128
40.0,40.0,5.0,9.0,5.0,5.0,101.0,109.0,-2.1875321030648798
40.0,40.0,5.0,9.0,5.0,5.0,101.0,110.0,-2.1682306930353867
40.0,40.0,5.0,9.0,5.0,5.0,102.0,101.0,-2.066112192736197
40.0,40.0,5.0,9.0,5.0,5.0,102.0,102.0,-2.047888808237354
40.0,40.0,5.0,9.0,5.0,5.0,102.0,103.0,-2.053673010395602
40.0,40.0,5.0,9.0,5.0,5.0,102.0,104.0,-2.1332726757538047
40.0,40.0,5.0,9.0,5.0,5.0,102.0,105.0,-2.072001354869735
40.0,40.0,5.0,9.0,5.0,5.0,102.0,106.0,-2.0414505226647317
40.0,40.0,5.0,9.0,5.0,5.0,102.0,107.0,-2.0301636359819213
40.0,40.0,5.0,9.0,5.0,5.0,102.0,108.0,-1.9964302263209939
40.0,40.0,5.0,9.0,5.0,5.0,102.0,109.0,-2.053056595732253
40.0,40.0,5.0,9.0,5.0,5.0,102.0,110.0,-2.003062748165154
40.0,40.0,5.0,9.0,5.0,5.0,103.0,101.0,-2.145371408677666
40.0,40.0,5.0,9.0,5.0,5.0,103.0,102.0,-2.1323093972229366
40.0,40.0,5.0,9.0,5.0,5.0,103.0,103.0,-2.071818168733384
40.0,40.0,5.0,9.0,5.0,5.0,103.0,104.0,-2.110957770918276
40.0,40.0,5.0,9.0,5.0,5.0,103.0,105.0,-2.0472652287497555
40.0,40.0,5.0,9.0,5.0,5.0,103.0,106.0,-2.123824941982273
40.0,40.0,5.0,9.0,5.0,5.0,103.0,107.0,-2.0684036377343427
40.0,40.0,5.0,9.0,5.0,5.0,103.0,108.0,-2.1202797602463486
40.0,40.0,5.0,9.0,5.0,5.0,103.0,109.0,-2.1360419215487
40.0,40.0,5.0,9.0,5.0,5.0,103.0,110.0,-2.043160352863843
40.0,40.0,5.0,9.0,5.0,5.0,104.0,101.0,-2.038472045317113
40.0,40.0,5.0,9.0,5.0,5.0,104.0,102.0,-1.9637178169563985
40.0,40.0,5.0,9.0,5.0,5.0,104.0,103.0,-2.012621705630004
40.0,40.0,5.0,9.0,5.0,5.0,104.0,104.0,-1.9919432175961873
40.0,40.0,5.0,9.0,5.0,5.0,104.0,105.0,-2.1356000881405053
40.0,40.0,5.0,9.0,5.0,5.0,104.0,106.0,-2.013700093315598
40.0,40.0,5.0,9.0,5.0,5.0,104.0,107.0,-2.010168260998683
40.0,40.0,5.0,9.0,5.0,5.0,104.0,108.0,-2.065336334553167
40.0,40.0,5.0,9.0,5.0,5.0,104.0,109.0,-2.0619778307200387
40.0,40.0,5.0,9.0,5.0,5.0,104.0,110.0,-1.9734271279302604
40.0,40.0,5.0,9.0,5.0,5.0,105.0,101.0,-2.0299932065333572
40.0,40.0,5.0,9.0,5.0,5.0,105.0,102.0,-2.1477027220423253
40.0,40.0,5.0,9.0,5.0,5.0,105.0,103.0,-2.076028433354336
40.0,40.0,5.0,9.0,5.0,5.0,105.0,104.0,-1.9166209825161644
40.0,40.0,5.0,9.0,5.0,5.0,105.0,105.0,-1.9321468986643457
40.0,40.0,5.0,9.0,5.0,5.0,105.0,106.0,-1.9981509637099686
40.0,40.0,5.0,9.0,5.0,5.0,105.0,107.0,-2.0021656999084376
40.0,40.0,5.0,9.0,5.0,5.0,105.0,108.0,-1.9734774264776913
40.0,40.0,5.0,9.0,5.0,5.0,105.0,109.0,-1.9401825649080107
40.0,40.0,5.0,9.0,5.0,5.0,105.0,110.0,-1.9127370927538894
40.0,40.0,5.0,10.0,5.0,5.0,101.0,101.0,-2.1891496693487134
40.0,40.0,5.0,10.0,5.0,5.0,101.0,102.0,-2.1631260010012694
40.0,40.0,5.0,10.0,5.0,5.0,101.0,103.0,-2.2901223463399543
40.0,40.0,5.0,10.0,5.0,5.0,101.0,104.0,-2.2118480778780105
40.0,40.0,5.0,10.0,5.0,5.0,101.0,105.0,-2.2233872039068823
40.0,40.0,5.0,10.0,5.0,5.0,101.0,106.0,-2.1930682532138843
40.0,40.0,5.0,10.0,5.0,5.0,101.0,107.0,-2.1331807985817273
40.0,40.0,5.0,10.0,5.0,5.0,101.0,108.0,-2.1244122263625607
40.0,40.0,5.0,10.0,5.0,5.0,101.0,109.0,-2.201985050626084
40.0,40.0,5.0,10.0,5.0,5.0,101.0,110.0,-2.1859376332607465
40.0,40.0,5.0,10.0,5.0,5.0,102.0,101.0,-2.0696677719647356
40.0,40.0,5.0,10.0,5.0,5.0,102.0,102.0,-2.056938872622625
40.0,40.0,5.0,10.0,5.0,5.0,102.0,103.0,-2.055833132650648
40.0,40.0,5.0,10.0,5.0,5.0,102.0,104.0,-2.139593022214764
40.0,40.0,5.0,10.0,5.0,5.0,102.0,105.0,-2.0823630919163207
40.0,40.0,5.0,10.0,5.0,5.0,102.0,106.0,-2.0481298260957144
40.0,40.0,5.0,10.0,5.0,5.0,102.0,107.0,-2.0405821633001815
40.0,40.0,5.0,10.0,5.0,5.0,102.0,108.0,-2.006674411870053
40.0,40.0,5.0,10.0,5.0,5.0,102.0,109.0,-2.0593942796423805
40.0,40.0,5.0,10.0,5.0,5.0,102.0,110.0,-2.013317574752703
40.0,40.0,5.0,10.0,5.0,5.0,103.0,101.0,-2.1561995867391386
40.0,40.0,5.0,10.0,5.0,5.0,103.0,102.0,-2.1369545459794095
40.0,40.0,5.0,10.0,5.0,5.0,103.0,103.0,-2.0736055597602685
40.0,40.0,5.0,10.0,5.0,5.0,103.0,104.0,-2.1117892325963226
40.0,40.0,5.0,10.0,5.0,5.0,103.0,105.0,-2.0549867475064247
40.0,40.0,5.0,10.0,5.0,5.0,103.0,106.0,-2.1240048507440763
40.0,40.0,5.0,10.0,5.0,5.0,103.0,107.0,-2.070358262615875
40.0,40.0,5.0,10.0,5.0,5.0,103.0,108.0,-2.13854933558972
40.0,40.0,5.0,10.0,5.0,5.0,103.0,109.0,-2.143867126078149
40.0,40.0,5.0,10.0,5.0,5.0,103.0,110.0,-2.0562528439592525
40.0,40.0,5.0,10.0,5.0,5.0,104.0,101.0,-2.0394004177951057
40.0,40.0,5.0,10.0,5.0,5.0,104.0,102.0,-1.963825596091026
40.0,40.0,5.0,10.0,5.0,5.0,104.0,103.0,-2.020259122831415
40.0,40.0,5.0,10.0,5.0,5.0,104.0,104.0,-1.998403918275872
40.0,40.0,5.0,10.0,5.0,5.0,104.0,105.0,-2.1406999657892114
40.0,40.0,5.0,10.0,5.0,5.0,104.0,106.0,-2.0259167550854547
40.0,40.0,5.0,10.0,5.0,5.0,104.0,107.0,-2.0225697620660315
40.0,40.0,5.0,10.0,5.0,5.0,104.0,108.0,-2.0738339608452505
40.0,40.0,5.0,10.0,5.0,5.0,104.0,109.0,-2.0743504598270532
40.0,40.0,5.0,10.0,5.0,5.0,104.0,110.0,-1.9787743387661538
40.0,40.0,5.0,10.0,5.0,5.0,105.0,101.0,-2.0342095912822598
40.0,40.0,5.0,10.0,5.0,5.0,105.0,102.0,-2.1545043276041698
40.0,40.0,5.0,10.0,5.0,5.0,105.0,103.0,-2.0857163608385916
40.0,40.0,5.0,10.0,5.0,5.0,105.0,104.0,-1.9258318620279045
40.0,40.0,5.0,10.0,5.0,5.0,105.0,105.0,-1.9400016897921621
40.0,40.0,5.0,10.0,5.0,5.0,105.0,106.0,-2.0053549087041973
40.0,40.0,5.0,10.0,5.0,5.0,105.0,107.0,-2.0104727612748743
40.0,40.0,5.0,10.0,5.0,5.0,105.0,108.0,-1.986995453272506
40.0,40.0,5.0,10.0,5.0,5.0,105.0,109.0,-1.950397090514843
40.0,40.0,5.0,10.0,5.0,5.0,105.0,110.0,-1.9185868051631105
40.0,40.0,50.0,1.0,5.0,5.0,101.0,101.0,-2.4797373419617936
40.0,40.0,50.0,1.0,5.0,5.0,101.0,102.0,-2.4984079431637443
40.0,40.0,50.0,1.0,5.0,5.0,101.0,103.0,-2.5657854041097425
40.0,40.0,50.0,1.0,5.0,5.0,101.0,104.0,-2.528748593419784
40.0,40.0,50.0,1.0,5.0,5.0,101.0,105.0,-2.5316117109466245
40.0,40.0,50.0,1.0,5.0,5.0,101.0,106.0,-2.5331573461965937
40.0,40.0,50.0,1.0,5.0,5.0,101.0,107.0,-2.4514545066058053
40.0,40.0,50.0,1.0,5.0,5.0,101.0,108.0,-2.4768462204703803
40.0,40.0,50.0,1.0,5.0,5.0,101.0,109.0,-2.5078730019443842
40.0,40.0,50.0,1.0,5.0,5.0,101.0,110.0,-2.466118081615917
40.0,40.0,50.0,1.0,5.0,5.0,102.0,101.0,-2.4272139874555876
40.0,40.0,50.0,1.0,5.0,5.0,102.0,102.0,-2.44301957156276
40.0,40.0,50.0,1.0,5.0,5.0,102.0,103.0,-2.5162226404486927
40.0,40.0,50.0,1.0,5.0,5.0,102.0,104.0,-2.490234507758808
40.0,40.0,50.0,1.0,5.0,5.0,102.0,105.0,-2.418991386090422
40.0,40.0,50.0,1.0,5.0,5.0,102.0,106.0,-2.4676131341761542
40.0,40.0,50.0,1.0,5.0,5.0,102.0,107.0,-2.4020018815171036
40.0,40.0,50.0,1.0,5.0,5.0,102.0,108.0,-2.3954322226049207
40.0,40.0,50.0,1.0,5.0,5.0,102.0,109.0,-2.4217773593143948
40.0,40.0,50.0,1.0,5.0,5.0,102.0,110.0,-2.4419145934257562
40.0,40.0,50.0,1.0,5.0,5.0,103.0,101.0,-2.4645820563187275
40.0,40.0,50.0,1.0,5.0,5.0,103.0,102.0,-2.415577050829247
40.0,40.0,50.0,1.0,5.0,5.0,103.0,103.0,-2.459597477098143
40.0,40.0,50.0,1.0,5.0,5.0,103.0,104.0,-2.5098527347973443
40.0,40.0,50.0,1.0,5.0,5.0,103.0,105.0,-2.360277931743065
40.0,40.0,50.0,1.0,5.0,5.0,103.0,106.0,-2.4332667672571615
40.0,40.0,50.0,1.0,5.0,5.0,103.0,107.0,-2.4446567398082415
40.0,40.0,50.0,1.0,5.0,5.0,103.0,108.0,-2.440712297967509
40.0,40.0,50.0,1.0,5.0,5.0,103.0,109.0,-2.496957396739088
40.0,40.0,50.0,1.0,5.0,5.0,103.0,110.0,-2.3978608527069514
40.0,40.0,50.0,1.0,5.0,5.0,104.0,101.0,-2.3617057101155647
40.0,40.0,50.0,1.0,5.0,5.0,104.0,102.0,-2.3702507725637623
40.0,40.0,50.0,1.0,5.0,5.0,104.0,103.0,-2.342261569154075
40.0,40.0,50.0,1.0,5.0,5.0,104.0,104.0,-2.384623677724336
40.0,40.0,50.0,1.0,5.0,5.0,104.0,105.0,-2.454655221925404
40.0,40.0,50.0,1.0,5.0,5.0,104.0,106.0,-2.3937230995934486
40.0,40.0,50.0,1.0,5.0,5.0,104.0,107.0,-2.339343040745442
40.0,40.0,50.0,1.0,5.0,5.0,104.0,108.0,-2.3712450625854387
40.0,40.0,50.0,1.0,5.0,5.0,104.0,109.0,-2.3506482957312427
40.0,40.0,50.0,1.0,5.0,5.0,104.0,110.0,-2.3827698997075233
40.0,40.0,50.0,1.0,5.0,5.0,105.0,101.0,-2.36111713778743
40.0,40.0,50.0,1.0,5.0,5.0,105.0,102.0,-2.4345686919826783
40.0,40.0,50.0,1.0,5.0,5.0,105.0,103.0,-2.403076245376507
40.0,40.0,50.0,1.0,5.0,5.0,105.0,104.0,-2.328538421531946
40.0,40.0,50.0,1.0,5.0,5.0,105.0,105.0,-2.3884958264728033
40.0,40.0,50.0,1.0,5.0,5.0,105.0,106.0,-2.3510815851675786
40.0,40.0,50.0,1.0,5.0,5.0,105.0,107.0,-2.3770796859437753
40.0,40.0,50.0,1.0,5.0,5.0,105.0,108.0,-2.3540465902985765
40.0,40.0,50.0,1.0,5.0,5.0,105.0,109.0,-2.3563559721352685
40.0,40.0,50.0,1.0,5.0,5.0,105.0,110.0,-2.395379812827511
40.0,40.0,50.0,2.0,5.0,5.0,101.0,101.0,-2.386354289868535
40.0,40.0,50.0,2.0,5.0,5.0,101.0,102.0,-2.4394416592348747
40.0,40.0,50.0,2.0,5.0,5.0,101.0,103.0,-2.531716295310659
40.0,40.0,50.0,2.0,5.0,5.0,101.0,104.0,-2.4765061210759662
40.0,40.0,50.0,2.0,5.0,5.0,101.0,105.0,-2.4672128647421885
40.0,40.0,50.0,2.0,5.0,5.0,101.0,106.0,-2.488015967387865
40.0,40.0,50.0,2.0,5.0,5.0,101.0,107.0,-2.375360513658844
40.0,40.0,50.0,2.0,5.0,5.0,101.0,108.0,-2.405851424743863
40.0,40.0,50.0,2.0,5.0,5.0,101.0,109.0,-2.4595786876875376
40.0,40.0,50.0,2.0,5.0,5.0,101.0,110.0,-2.394136009211941
40.0,40.0,50.0,2.0,5.0,5.0,102.0,101.0,-2.340436085071821
40.0,40.0,50.0,2.0,5.0,5.0,102.0,102.0,-2.3818117748694294
40.0,40.0,50.0,2.0,5.0,5.0,102.0,103.0,-2.4698669014627863
40.0,40.0,50.0,2.0,5.0,5.0,102.0,104.0,-2.436252261825958
40.0,40.0,50.0,2.0,5.0,5.0,102.0,105.0,-2.3474440689787435
40.0,40.0,50.0,2.0,5.0,5.0,102.0,106.0,-2.412094343912329
40.0,40.0,50.0,2.0,5.0,5.0,102.0,107.0,-2.3236301395005086
40.0,40.0,50.0,2.0,5.0,5.0,102.0,108.0,-2.319215298113404
40.0,40.0,50.0,2.0,5.0,5.0,102.0,109.0,-2.354652771979593
40.0,40.0,50.0,2.0,5.0,5.0,102.0,110.0,-2.374934421358493
40.0,40.0,50.0,2.0,5.0,5.0,103.0,101.0,-2.428138789485856
40.0,40.0,50.0,2.0,5.0,5.0,103.0,102.0,-2.3281331282111566
40.0,40.0,50.0,2.0,5.0,5.0,103.0,103.0,-2.391915979099848
40.0,40.0,50.0,2.0,5.0,5.0,103.0,104.0,-2.4016025973557458
40.0,40.0,50.0,2.0,5.0,5.0,103.0,105.0,-2.2721634529661467
40.0,40.0,50.0,2.0,5.0,5.0,103.0,106.0,-2.3670315002798543
40.0,40.0,50.0,2.0,5.0,5.0,103.0,107.0,-2.3855349116788593
40.0,40.0,50.0,2.0,5.0,5.0,103.0,108.0,-2.3773128357587954
40.0,40.0,50.0,2.0,5.0,5.0,103.0,109.0,-2.445826082011403
40.0,40.0,50.0,2.0,5.0,5.0,103.0,110.0,-2.3193160689448544
40.0,40.0,50.0,2.0,5.0,5.0,104.0,101.0,-2.286511048266636
40.0,40.0,50.0,2.0,5.0,5.0,104.0,102.0,-2.2976329430763625
40.0,40.0,50.0,2.0,5.0,5.0,104.0,103.0,-2.2584064441549545
40.0,40.0,50.0,2.0,5.0,5.0,104.0,104.0,-2.315191895131016
40.0,40.0,50.0,2.0,5.0,5.0,104.0,105.0,-2.4113634511678566
40.0,40.0,50.0,2.0,5.0,5.0,104.0,106.0,-2.3150339171283894
40.0,40.0,50.0,2.0,5.0,5.0,104.0,107.0,-2.2622333731379918
40.0,40.0,50.0,2.0,5.0,5.0,104.0,108.0,-2.3034749916665938
40.0,40.0,50.0,2.0,5.0,5.0,104.0,109.0,-2.2809267538048754
40.0,40.0,50.0,2.0,5.0,5.0,104.0,110.0,-2.309515887408619
40.0,40.0,50.0,2.0,5.0,5.0,105.0,101.0,-2.2877280488451315
40.0,40.0,50.0,2.0,5.0,5.0,105.0,102.0,-2.3624344621339946
40.0,40.0,50.0,2.0,5.0,5.0,105.0,103.0,-2.3562556904483762
40.0,40.0,50.0,2.0,5.0,5.0,105.0,104.0,-2.2463744663736964
40.0,40.0,50.0,2.0,5.0,5.0,105.0,105.0,-2.326990027483575
40.0,40.0,50.0,2.0,5.0,5.0,105.0,106.0,-2.275515910130566
40.0,40.0,50.0,2.0,5.0,5.0,105.0,107.0,-2.3076852136700503
40.0,40.0,50.0,2.0,5.0,5.0,105.0,108.0,-2.2974301801310877
40.0,40.0,50.0,2.0,5.0,5.0,105.0,109.0,-2.268442445951901
40.0,40.0,50.0,2.0,5.0,5.0,105.0,110.0,-2.330001906635913
40.0,40.0,50.0,3.0,5.0,5.0,101.0,101.0,-2.3542393355942997
40.0,40.0,50.0,3.0,5.0,5.0,101.0,102.0,-2.418786615432886
40.0,40.0,50.0,3.0,5.0,5.0,101.0,103.0,-2.526130260843791
40.0,40.0,50.0,3.0,5.0,5.0,101.0,104.0,-2.4634243776503637
40.0,40.0,50.0,3.0,5.0,5.0,101.0,105.0,-2.4509889082042826
40.0,40.0,50.0,3.0,5.0,5.0,101.0,106.0,-2.4839236953157253
40.0,40.0,50.0,3.0,5.0,5.0,101.0,107.0,-2.3492162512469874
40.0,40.0,50.0,3.0,5.0,5.0,101.0,108.0,-2.3881217850757492
40.0,40.0,50.0,3.0,5.0,5.0,101.0,109.0,-2.4425062103872155
40.0,40.0,50.0,3.0,5.0,5.0,101.0,110.0,-2.3749400287574365
40.0,40.0,50.0,3.0,5.0,5.0,102.0,101.0,-2.2921769195629635
40.0,40.0,50.0,3.0,5.0,5.0,102.0,102.0,-2.3618305650815086
40.0,40.0,50.0,3.0,5.0,5.0,102.0,103.0,-2.45526808204098
40.0,40.0,50.0,3.0,5.0,5.0,102.0,104.0,-2.4158304463716087
40.0,40.0,50.0,3.0,5.0,5.0,102.0,105.0,-2.3219805338795583
40.0,40.0,50.0,3.0,5.0,5.0,102.0,106.0,-2.3865804541520776
40.0,40.0,50.0,3.0,5.0,5.0,102.0,107.0,-2.2894246991960725
40.0,40.0,50.0,3.0,5.0,5.0,102.0,108.0,-2.285293921913177
40.0,40.0,50.0,3.0,5.0,5.0,102.0,109.0,-2.3248214952295214
40.0,40.0,50.0,3.0,5.0,5.0,102.0,110.0,-2.347887197025762
40.0,40.0,50.0,3.0,5.0,5.0,103.0,101.0,-2.4239656189724244
40.0,40.0,50.0,3.0,5.0,5.0,103.0,102.0,-2.300061035297641
40.0,40.0,50.0,3.0,5.0,5.0,103.0,103.0,-2.370578755140579
40.0,40.0,50.0,3.0,5.0,5.0,103.0,104.0,-2.368634012098521
40.0,40.0,50.0,3.0,5.0,5.0,103.0,105.0,-2.240932264650528
40.0,40.0,50.0,3.0,5.0,5.0,103.0,106.0,-2.349442266643837
40.0,40.0,50.0,3.0,5.0,5.0,103.0,107.0,-2.372573853342179
40.0,40.0,50.0,3.0,5.0,5.0,103.0,108.0,-2.363109348815983
40.0,40.0,50.0,3.0,5.0,5.0,103.0,109.0,-2.4401725164712773
40.0,40.0,50.0,3.0,5.0,5.0,103.0,110.0,-2.2991587244571865
40.0,40.0,50.0,3.0,5.0,5.0,104.0,101.0,-2.2552482902799547
40.0,40.0,50.0,3.0,5.0,5.0,104.0,102.0,-2.267581557010494
40.0,40.0,50.0,3.0,5.0,5.0,104.0,103.0,-2.2267161737874814
40.0,40.0,50.0,3.0,5.0,5.0,104.0,104.0,-2.2865505420827703
40.0,40.0,50.0,3.0,5.0,5.0,104.0,105.0,-2.3977969996123756
40.0,40.0,50.0,3.0,5.0,5.0,104.0,106.0,-2.285963777513042
40.0,40.0,50.0,3.0,5.0,5.0,104.0,107.0,-2.237070590744262
40.0,40.0,50.0,3.0,5.0,5.0,104.0,108.0,-2.280725099456524
40.0,40.0,50.0,3.0,5.0,5.0,104.0,109.0,-2.25966436877132
40.0,40.0,50.0,3.0,5.0,5.0,104.0,110.0,-2.277661550227443
40.0,40.0,50.0,3.0,5.0,5.0,105.0,101.0,-2.256831281765919
40.0,40.0,50.0,3.0,5.0,5.0,105.0,102.0,-2.3279458171428207
40.0,40.0,50.0,3.0,5.0,5.0,105.0,103.0,-2.3401946255314803
40.0,40.0,50.0,3.0,5.0,5.0,105.0,104.0,-2.212783238843476
40.0,40.0,50.0,3.0,5.0,5.0,105.0,105.0,-2.30076558336355
40.0,40.0,50.0,3.0,5.0,5.0,105.0,106.0,-2.2521792173451467
40.0,40.0,50.0,3.0,5.0,5.0,105.0,107.0,-2.28174517466445
40.0,40.0,50.0,3.0,5.0,5.0,105.0,108.0,-2.2817159415049284
40.0,40.0,50.0,3.0,5.0,5.0,105.0,109.0,-2.231244313789107
40.0,40.0,50.0,3.0,5.0,5.0,105.0,110.0,-2.308880472116351
40.0,40.0,50.0,4.0,5.0,5.0,101.0,101.0,-2.337007531606141
40.0,40.0,50.0,4.0,5.0,5.0,101.0,102.0,-2.4114800858763927
40.0,40.0,50.0,4.0,5.0,5.0,101.0,103.0,-2.5131975512189286
40.0,40.0,50.0,4.0,5.0,5.0,101.0,104.0,-2.469851483676584
40.0,40.0,50.0,4.0,5.0,5.0,101.0,105.0,-2.4492389123329024
40.0,40.0,50.0,4.0,5.0,5.0,101.0,106.0,-2.488874167671794
40.0,40.0,50.0,4.0,5.0,5.0,101.0,107.0,-2.3410226153254645
40.0,40.0,50.0,4.0,5.0,5.0,101.0,108.0,-2.381706107722424
40.0,40.0,50.0,4.0,5.0,5.0,101.0,109.0,-2.442207606231008
40.0,40.0,50.0,4.0,5.0,5.0,101.0,110.0,-2.3632921289013282
40.0,40.0,50.0,4.0,5.0,5.0,102.0,101.0,-2.2706762547741968
40.0,40.0,50.0,4.0,5.0,5.0,102.0,102.0,-2.3577959133436766
40.0,40.0,50.0,4.0,5.0,5.0,102.0,103.0,-2.452024517703582
40.0,40.0,50.0,4.0,5.0,5.0,102.0,104.0,-2.392065320351696
40.0,40.0,50.0,4.0,5.0,5.0,102.0,105.0,-2.309770447230078
40.0,40.0,50.0,4.0,5.0,5.0,102.0,106.0,-2.369052759451258
40.0,40.0,50.0,4.0,5.0,5.0,102.0,107.0,-2.2743007085836484
40.0,40.0,50.0,4.0,5.0,5.0,102.0,108.0,-2.273860007228653
40.0,40.0,50.0,4.0,5.0,5.0,102.0,109.0,-2.3088917037132526
40.0,40.0,50.0,4.0,5.0,5.0,102.0,110.0,-2.337377161093611
40.0,40.0,50.0,4.0,5.0,5.0,103.0,101.0,-2.4313242013325356
40.0,40.0,50.0,4.0,5.0,5.0,103.0,102.0,-2.2801290839134953
40.0,40.0,50.0,4.0,5.0,5.0,103.0,103.0,-2.3584858526331884
40.0,40.0,50.0,4.0,5.0,5.0,103.0,104.0,-2.349562842916322
40.0,40.0,50.0,4.0,5.0,5.0,103.0,105.0,-2.227730185192804
40.0,40.0,50.0,4.0,5.0,5.0,103.0,106.0,-2.3432902205077855
40.0,40.0,50.0,4.0,5.0,5.0,103.0,107.0,-2.3749706935655635
40.0,40.0,50.0,4.0,5.0,5.0,103.0,108.0,-2.3617353096286235
40.0,40.0,50.0,4.0,5.0,5.0,103.0,109.0,-2.440998949663289
40.0,40.0,50.0,4.0,5.0,5.0,103.0,110.0,-2.289049699124777
40.0,40.0,50.0,4.0,5.0,5.0,104.0,101.0,-2.2388917021889476
40.0,40.0,50.0,4.0,5.0,5.0,104.0,102.0,-2.2553084415868616
40.0,40.0,50.0,4.0,5.0,5.0,104.0,103.0,-2.21362138142963
40.0,40.0,50.0,4.0,5.0,5.0,104.0,104.0,-2.2781223880188497
40.0,40.0,50.0,4.0,5.0,5.0,104.0,105.0,-2.3888883715757356
40.0,40.0,50.0,4.0,5.0,5.0,104.0,106.0,-2.2655744351726494
40.0,40.0,50.0,4.0,5.0,5.0,104.0,107.0,-2.227532219540117
40.0,40.0,50.0,4.0,5.0,5.0,104.0,108.0,-2.266845312565711
40.0,40.0,50.0,4.0,5.0,5.0,104.0,109.0,-2.2509567941966995
40.0,40.0,50.0,4.0,5.0,5.0,104.0,110.0,-2.261517606914956
40.0,40.0,50.0,4.0,5.0,5.0,105.0,101.0,-2.2497799886544483
40.0,40.0,50.0,4.0,5.0,5.0,105.0,102.0,-2.3100881555570107
40.0,40.0,50.0,4.0,5.0,5.0,105.0,103.0,-2.3320635761775774
40.0,40.0,50.0,4.0,5.0,5.0,105.0,104.0,-2.1990620293616416
40.0,40.0,50.0,4.0,5.0,5.0,105.0,105.0,-2.289662523256943
40.0,40.0,50.0,4.0,5.0,5.0,105.0,106.0,-2.243376923048981
40.0,40.0,50.0,4.0,5.0,5.0,105.0,107.0,-2.267158665358591
40.0,40.0,50.0,4.0,5.0,5.0,105.0,108.0,-2.2768147818609554
40.0,40.0,50.0,4.0,5.0,5.0,105.0,109.0,-2.2053883076971736
40.0,40.0,50.0,4.0,5.0,5.0,105.0,110.0,-2.299910716992576
40.0,40.0,50.0,5.0,5.0,5.0,101.0,101.0,-2.331599442865115
40.0,40.0,50.0,5.0,5.0,5.0,101.0,102.0,-2.412051095676054
40.0,40.0,50.0,5.0,5.0,5.0,101.0,103.0,-2.5193121860047483
40.0,40.0,50.0,5.0,5.0,5.0,101.0,104.0,-2.4613600217476526
40.0,40.0,50.0,5.0,5.0,5.0,101.0,105.0,-2.447428425009913
40.0,40.0,50.0,5.0,5.0,5.0,101.0,106.0,-2.4998557359235027
40.0,40.0,50.0,5.0,5.0,5.0,101.0,107.0,-2.3458194910823003
40.0,40.0,50.0,5.0,5.0,5.0,101.0,108.0,-2.374414149014387
40.0,40.0,50.0,5.0,5.0,5.0,101.0,109.0,-2.442782385793651
40.0,40.0,50.0,5.0,5.0,5.0,101.0,110.0,-2.35396773957448
40.0,40.0,50.0,5.0,5.0,5.0,102.0,101.0,-2.256541357490983
40.0,40.0,50.0,5.0,5.0,5.0,102.0,102.0,-2.3550874285722827
40.0,40.0,50.0,5.0,5.0,5.0,102.0,103.0,-2.45649182949673
40.0,40.0,50.0,5.0,5.0,5.0,102.0,104.0,-2.3880819928796804
40.0,40.0,50.0,5.0,5.0,5.0,102.0,105.0,-2.303228857396749
40.0,40.0,50.0,5.0,5.0,5.0,102.0,106.0,-2.368254395796563
40.0,40.0,50.0,5.0,5.0,5.0,102.0,107.0,-2.270073353110657
40.0,40.0,50.0,5.0,5.0,5.0,102.0,108.0,-2.268607257982533
40.0,40.0,50.0,5.0,5.0,5.0,102.0,109.0,-2.3084630346518167
40.0,40.0,50.0,5.0,5.0,5.0,102.0,110.0,-2.327439561123104
40.0,40.0,50.0,5.0,5.0,5.0,103.0,101.0,-2.4377326800287156
40.0,40.0,50.0,5.0,5.0,5.0,103.0,102.0,-2.274716767978425
40.0,40.0,50.0,5.0,5.0,5.0,103.0,103.0,-2.35174658861418
40.0,40.0,50.0,5.0,5.0,5.0,103.0,104.0,-2.3522613410659847
40.0,40.0,50.0,5.0,5.0,5.0,103.0,105.0,-2.224340164152493
40.0,40.0,50.0,5.0,5.0,5.0,103.0,106.0,-2.350135043370442
40.0,40.0,50.0,5.0,5.0,5.0,103.0,107.0,-2.3758703785314776
40.0,40.0,50.0,5.0,5.0,5.0,103.0,108.0,-2.3711374502610663
40.0,40.0,50.0,5.0,5.0,5.0,103.0,109.0,-2.4405365824227454
40.0,40.0,50.0,5.0,5.0,5.0,103.0,110.0,-2.2882197523277044
40.0,40.0,50.0,5.0,5.0,5.0,104.0,101.0,-2.239117298766955
40.0,40.0,50.0,5.0,5.0,5.0,104.0,102.0,-2.2445961271110826
40.0,40.0,50.0,5.0,5.0,5.0,104.0,103.0,-2.20581001393513
40.0,40.0,50.0,5.0,5.0,5.0,104.0,104.0,-2.278723562969733
40.0,40.0,50.0,5.0,5.0,5.0,104.0,105.0,-2.3889486576153356
40.0,40.0,50.0,5.0,5.0,5.0,104.0,106.0,-2.254418722400598
40.0,40.0,50.0,5.0,5.0,5.0,104.0,107.0,-2.2213199070150855
40.0,40.0,50.0,5.0,5.0,5.0,104.0,108.0,-2.270732042594825
40.0,40.0,50.0,5.0,5.0,5.0,104.0,109.0,-2.2528608191941797
40.0,40.0,50.0,5.0,5.0,5.0,104.0,110.0,-2.257762818705277
40.0,40.0,50.0,5.0,5.0,5.0,105.0,101.0,-2.2452827340520196
40.0,40.0,50.0,5.0,5.0,5.0,105.0,102.0,-2.2968470294193644
40.0,40.0,50.0,5.0,5.0,5.0,105.0,103.0,-2.32967929104964
40.0,40.0,50.0,5.0,5.0,5.0,105.0,104.0,-2.193611164253461
40.0,40.0,50.0,5.0,5.0,5.0,105.0,105.0,-2.2803495150257045
40.0,40.0,50.0,5.0,5.0,5.0,105.0,106.0,-2.2353764523025657
40.0,40.0,50.0,5.0,5.0,5.0,105.0,107.0,-2.2596270978187754
40.0,40.0,50.0,5.0,5.0,5.0,105.0,108.0,-2.2827258453710044
40.0,40.0,50.0,5.0,5.0,5.0,105.0,109.0,-2.1941139773827993
40.0,40.0,50.0,5.0,5.0,5.0,105.0,110.0,-2.295765680673937
40.0,40.0,50.0,6.0,5.0,5.0,101.0,101.0,-2.327567252701798
40.0,40.0,50.0,6.0,5.0,5.0,101.0,102.0,-2.413509657217364
40.0,40.0,50.0,6.0,5.0,5.0,101.0,103.0,-2.518119253564136
40.0,40.0,50.0,6.0,5.0,5.0,101.0,104.0,-2.4788707911128163
40.0,40.0,50.0,6.0,5.0,5.0,101.0,105.0,-2.449945829545615
40.0,40.0,50.0,6.0,5.0,5.0,101.0,106.0,-2.5016325857689616
40.0,40.0,50.0,6.0,5.0,5.0,101.0,107.0,-2.3466090771651644
40.0,40.0,50.0,6.0,5.0,5.0,101.0,108.0,-2.376714495246575
40.0,40.0,50.0,6.0,5.0,5.0,101.0,109.0,-2.442638763078795
40.0,40.0,50.0,6.0,5.0,5.0,101.0,110.0,-2.3497864270275435
40.0,40.0,50.0,6.0,5.0,5.0,102.0,101.0,-2.2477650828267404
40.0,40.0,50.0,6.0,5.0,5.0,102.0,102.0,-2.353853500216298
40.0,40.0,50.0,6.0,5.0,5.0,102.0,103.0,-2.4601320211336954
40.0,40.0,50.0,6.0,5.0,5.0,102.0,104.0,-2.386033243970901
40.0,40.0,50.0,6.0,5.0,5.0,102.0,105.0,-2.3026183267364333
40.0,40.0,50.0,6.0,5.0,5.0,102.0,106.0,-2.369055366268476
40.0,40.0,50.0,6.0,5.0,5.0,102.0,107.0,-2.268518561601434
40.0,40.0,50.0,6.0,5.0,5.0,102.0,108.0,-2.2681598175244533
40.0,40.0,50.0,6.0,5.0,5.0,102.0,109.0,-2.3041146994965978
40.0,40.0,50.0,6.0,5.0,5.0,102.0,110.0,-2.3289667090560426
40.0,40.0,50.0,6.0,5.0,5.0,103.0,101.0,-2.4494051680467686
40.0,40.0,50.0,6.0,5.0,5.0,103.0,102.0,-2.278113478846371
40.0,40.0,50.0,6.0,5.0,5.0,103.0,103.0,-2.3487851147904024
40.0,40.0,50.0,6.0,5.0,5.0,103.0,104.0,-2.356430157152971
40.0,40.0,50.0,6.0,5.0,5.0,103.0,105.0,-2.223201316951511
40.0,40.0,50.0,6.0,5.0,5.0,103.0,106.0,-2.356766072175769
40.0,40.0,50.0,6.0,5.0,5.0,103.0,107.0,-2.391079050525341
40.0,40.0,50.0,6.0,5.0,5.0,103.0,108.0,-2.377820939893661
40.0,40.0,50.0,6.0,5.0,5.0,103.0,109.0,-2.4445668800752545
40.0,40.0,50.0,6.0,5.0,5.0,103.0,110.0,-2.2849880284529216
40.0,40.0,50.0,6.0,5.0,5.0,104.0,101.0,-2.2407289685615597
40.0,40.0,50.0,6.0,5.0,5.0,104.0,102.0,-2.2433335650863984
40.0,40.0,50.0,6.0,5.0,5.0,104.0,103.0,-2.210078833558571
40.0,40.0,50.0,6.0,5.0,5.0,104.0,104.0,-2.2838804042418417
40.0,40.0,50.0,6.0,5.0,5.0,104.0,105.0,-2.394069899934234
40.0,40.0,50.0,6.0,5.0,5.0,104.0,106.0,-2.2527820086502186
40.0,40.0,50.0,6.0,5.0,5.0,104.0,107.0,-2.227344968151467
40.0,40.0,50.0,6.0,5.0,5.0,104.0,108.0,-2.2729851218647523
40.0,40.0,50.0,6.0,5.0,5.0,104.0,109.0,-2.2608881565651906
40.0,40.0,50.0,6.0,5.0,5.0,104.0,110.0,-2.252716773516964
40.0,40.0,50.0,6.0,5.0,5.0,105.0,101.0,-2.2464765074762303
40.0,40.0,50.0,6.0,5.0,5.0,105.0,102.0,-2.294648280077344
40.0,40.0,50.0,6.0,5.0,5.0,105.0,103.0,-2.332174979238671
40.0,40.0,50.0,6.0,5.0,5.0,105.0,104.0,-2.1908632163042516
40.0,40.0,50.0,6.0,5.0,5.0,105.0,105.0,-2.2772925091836016
40.0,40.0,50.0,6.0,5.0,5.0,105.0,106.0,-2.239413109487674
40.0,40.0,50.0,6.0,5.0,5.0,105.0,107.0,-2.2571395958913194
40.0,40.0,50.0,6.0,5.0,5.0,105.0,108.0,-2.284747930034422
40.0,40.0,50.0,6.0,5.0,5.0,105.0,109.0,-2.1884831994604412
40.0,40.0,50.0,6.0,5.0,5.0,105.0,110.0,-2.295898005035191
40.0,40.0,50.0,7.0,5.0,5.0,101.0,101.0,-2.332566560482095
40.0,40.0,50.0,7.0,5.0,5.0,101.0,102.0,-2.415265962101593
40.0,40.0,50.0,7.0,5.0,5.0,101.0,103.0,-2.527531456470076
40.0,40.0,50.0,7.0,5.0,5.0,101.0,104.0,-2.4858289444606463
40.0,40.0,50.0,7.0,5.0,5.0,101.0,105.0,-2.4638819159573027
40.0,40.0,50.0,7.0,5.0,5.0,101.0,106.0,-2.513478133593501
40.0,40.0,50.0,7.0,5.0,5.0,101.0,107.0,-2.3497380062286366
40.0,40.0,50.0,7.0,5.0,5.0,101.0,108.0,-2.377061092162464
40.0,40.0,50.0,7.0,5.0,5.0,101.0,109.0,-2.449784670203633
40.0,40.0,50.0,7.0,5.0,5.0,101.0,110.0,-2.3533711861381206
40.0,40.0,50.0,7.0,5.0,5.0,102.0,101.0,-2.2456473317737715
40.0,40.0,50.0,7.0,5.0,5.0,102.0,102.0,-2.3622615059181102
40.0,40.0,50.0,7.0,5.0,5.0,102.0,103.0,-2.4644996972303064
40.0,40.0,50.0,7.0,5.0,5.0,102.0,104.0,-2.3878837222226093
40.0,40.0,50.0,7.0,5.0,5.0,102.0,105.0,-2.3049242082942984
40.0,40.0,50.0,7.0,5.0,5.0,102.0,106.0,-2.378071711462527
40.0,40.0,50.0,7.0,5.0,5.0,102.0,107.0,-2.2716682257840324
40.0,40.0,50.0,7.0,5.0,5.0,102.0,108.0,-2.2740193077939015
40.0,40.0,50.0,7.0,5.0,5.0,102.0,109.0,-2.308664846466951
40.0,40.0,50.0,7.0,5.0,5.0,102.0,110.0,-2.331553164523152
40.0,40.0,50.0,7.0,5.0,5.0,103.0,101.0,-2.460321890996807
40.0,40.0,50.0,7.0,5.0,5.0,103.0,102.0,-2.272442347448111
40.0,40.0,50.0,7.0,5.0,5.0,103.0,103.0,-2.3468217729177283
40.0,40.0,50.0,7.0,5.0,5.0,103.0,104.0,-2.351735483803091
40.0,40.0,50.0,7.0,5.0,5.0,103.0,105.0,-2.2236006377126603
40.0,40.0,50.0,7.0,5.0,5.0,103.0,106.0,-2.357056485173665
40.0,40.0,50.0,7.0,5.0,5.0,103.0,107.0,-2.395514013054939
40.0,40.0,50.0,7.0,5.0,5.0,103.0,108.0,-2.382347758167683
40.0,40.0,50.0,7.0,5.0,5.0,103.0,109.0,-2.4464902318346464
40.0,40.0,50.0,7.0,5.0,5.0,103.0,110.0,-2.2861312071537943
40.0,40.0,50.0,7.0,5.0,5.0,104.0,101.0,-2.238493708868232
40.0,40.0,50.0,7.0,5.0,5.0,104.0,102.0,-2.2540690805485073
40.0,40.0,50.0,7.0,5.0,5.0,104.0,103.0,-2.211083124882164
40.0,40.0,50.0,7.0,5.0,5.0,104.0,104.0,-2.28450681384413
40.0,40.0,50.0,7.0,5.0,5.0,104.0,105.0,-2.396224390246281
40.0,40.0,50.0,7.0,5.0,5.0,104.0,106.0,-2.251382680237203
40.0,40.0,50.0,7.0,5.0,5.0,104.0,107.0,-2.2216380838172407
40.0,40.0,50.0,7.0,5.0,5.0,104.0,108.0,-2.2824353546635274
40.0,40.0,50.0,7.0,5.0,5.0,104.0,109.0,-2.263810519945761
40.0,40.0,50.0,7.0,5.0,5.0,104.0,110.0,-2.252456577898506
40.0,40.0,50.0,7.0,5.0,5.0,105.0,101.0,-2.253310037946698
40.0,40.0,50.0,7.0,5.0,5.0,105.0,102.0,-2.294657798371316
40.0,40.0,50.0,7.0,5.0,5.0,105.0,103.0,-2.3305551452458544
40.0,40.0,50.0,7.0,5.0,5.0,105.0,104.0,-2.1900053114581506
40.0,40.0,50.0,7.0,5.0,5.0,105.0,105.0,-2.28025059906688
40.0,40.0,50.0,7.0,5.0,5.0,105.0,106.0,-2.235384545929498
40.0,40.0,50.0,7.0,5.0,5.0,105.0,107.0,-2.2638148013420114
40.0,40.0,50.0,7.0,5.0,5.0,105.0,108.0,-2.2904276046106156
40.0,40.0,50.0,7.0,5.0,5.0,105.0,109.0,-2.1854291289855183
40.0,40.0,50.0,7.0,5.0,5.0,105.0,110.0,-2.29798869146547
40.0,40.0,50.0,8.0,5.0,5.0,101.0,101.0,-2.3302169870061094
40.0,40.0,50.0,8.0,5.0,5.0,101.0,102.0,-2.4197368217566244
40.0,40.0,50.0,8.0,5.0,5.0,101.0,103.0,-2.5298122822155364
40.0,40.0,50.0,8.0,5.0,5.0,101.0,104.0,-2.5002069408655934
40.0,40.0,50.0,8.0,5.0,5.0,101.0,105.0,-2.4623208076019716
40.0,40.0,50.0,8.0,5.0,5.0,101.0,106.0,-2.5234192108508973
40.0,40.0,50.0,8.0,5.0,5.0,101.0,107.0,-2.34857798062918
40.0,40.0,50.0,8.0,5.0,5.0,101.0,108.0,-2.373342371893818
40.0,40.0,50.0,8.0,5.0,5.0,101.0,109.0,-2.459840718908231
40.0,40.0,50.0,8.0,5.0,5.0,101.0,110.0,-2.3583200889920195
40.0,40.0,50.0,8.0,5.0,5.0,102.0,101.0,-2.2439827435526842
40.0,40.0,50.0,8.0,5.0,5.0,102.0,102.0,-2.3664260338762357
40.0,40.0,50.0,8.0,5.0,5.0,102.0,103.0,-2.4753066824667216
40.0,40.0,50.0,8.0,5.0,5.0,102.0,104.0,-2.3978298590560105
40.0,40.0,50.0,8.0,5.0,5.0,102.0,105.0,-2.31088913366685
40.0,40.0,50.0,8.0,5.0,5.0,102.0,106.0,-2.3870449153822673
40.0,40.0,50.0,8.0,5.0,5.0,102.0,107.0,-2.273289223884651
40.0,40.0,50.0,8.0,5.0,5.0,102.0,108.0,-2.2796623310080797
40.0,40.0,50.0,8.0,5.0,5.0,102.0,109.0,-2.3114332771654325
40.0,40.0,50.0,8.0,5.0,5.0,102.0,110.0,-2.3363843781590425
40.0,40.0,50.0,8.0,5.0,5.0,103.0,101.0,-2.4774803354859665
40.0,40.0,50.0,8.0,5.0,5.0,103.0,102.0,-2.2794401673872535
40.0,40.0,50.0,8.0,5.0,5.0,103.0,103.0,-2.355637800831433
40.0,40.0,50.0,8.0,5.0,5.0,103.0,104.0,-2.357902659095295
40.0,40.0,50.0,8.0,5.0,5.0,103.0,105.0,-2.2220883117832595
40.0,40.0,50.0,8.0,5.0,5.0,103.0,106.0,-2.372154800977785
40.0,40.0,50.0,8.0,5.0,5.0,103.0,107.0,-2.395974159266725
40.0,40.0,50.0,8.0,5.0,5.0,103.0,108.0,-2.388986520051559
40.0,40.0,50.0,8.0,5.0,5.0,103.0,109.0,-2.456231736110671
40.0,40.0,50.0,8.0,5.0,5.0,103.0,110.0,-2.2872842617139506
40.0,40.0,50.0,8.0,5.0,5.0,104.0,101.0,-2.248673765807026
40.0,40.0,50.0,8.0,5.0,5.0,104.0,102.0,-2.2464002297652716
40.0,40.0,50.0,8.0,5.0,5.0,104.0,103.0,-2.2172959605805604
40.0,40.0,50.0,8.0,5.0,5.0,104.0,104.0,-2.2902111756475967
40.0,40.0,50.0,8.0,5.0,5.0,104.0,105.0,-2.396481860498265
40.0,40.0,50.0,8.0,5.0,5.0,104.0,106.0,-2.2535100610058323
40.0,40.0,50.0,8.0,5.0,5.0,104.0,107.0,-2.2204584388383477
40.0,40.0,50.0,8.0,5.0,5.0,104.0,108.0,-2.289240829150551
40.0,40.0,50.0,8.0,5.0,5.0,104.0,109.0,-2.27052030875153
40.0,40.0,50.0,8.0,5.0,5.0,104.0,110.0,-2.2575300474859095
40.0,40.0,50.0,8.0,5.0,5.0,105.0,101.0,-2.2539326660344914
40.0,40.0,50.0,8.0,5.0,5.0,105.0,102.0,-2.301280620004645
40.0,40.0,50.0,8.0,5.0,5.0,105.0,103.0,-2.3367329841694136
40.0,40.0,50.0,8.0,5.0,5.0,105.0,104.0,-2.197632783280091
40.0,40.0,50.0,8.0,5.0,5.0,105.0,105.0,-2.282320754392716
40.0,40.0,50.0,8.0,5.0,5.0,105.0,106.0,-2.2529083711830213
40.0,40.0,50.0,8.0,5.0,5.0,105.0,107.0,-2.2592364012167088
40.0,40.0,50.0,8.0,5.0,5.0,105.0,108.0,-2.2943367954989315
40.0,40.0,50.0,8.0,5.0,5.0,105.0,109.0,-2.189505923440085
40.0,40.0,50.0,8.0,5.0,5.0,105.0,110.0,-2.303723503740014
40.0,40.0,50.0,9.0,5.0,5.0,101.0,101.0,-2.3283156930496265
40.0,40.0,50.0,9.0,5.0,5.0,101.0,102.0,-2.429193850404153
40.0,40.0,50.0,9.0,5.0,5.0,101.0,103.0,-2.5367689709258885
40.0,40.0,50.0,9.0,5.0,5.0,101.0,104.0,-2.504357894177952
40.0,40.0,50.0,9.0,5.0,5.0,101.0,105.0,-2.4643625677461234
40.0,40.0,50.0,9.0,5.0,5.0,101.0,106.0,-2.52594217489852
40.0,40.0,50.0,9.0,5.0,5.0,101.0,107.0,-2.3598104538141897
40.0,40.0,50.0,9.0,5.0,5.0,101.0,108.0,-2.379480650459918
40.0,40.0,50.0,9.0,5.0,5.0,101.0,109.0,-2.4707474785269223
40.0,40.0,50.0,9.0,5.0,5.0,101.0,110.0,-2.3485884591863084
40.0,40.0,50.0,9.0,5.0,5.0,102.0,101.0,-2.24080829588977
40.0,40.0,50.0,9.0,5.0,5.0,102.0,102.0,-2.376992699136381
40.0,40.0,50.0,9.0,5.0,5.0,102.0,103.0,-2.483664492963365
40.0,40.0,50.0,9.0,5.0,5.0,102.0,104.0,-2.4029280924494323
40.0,40.0,50.0,9.0,5.0,5.0,102.0,105.0,-2.3133560861654088
40.0,40.0,50.0,9.0,5.0,5.0,102.0,106.0,-2.391816926490611
40.0,40.0,50.0,9.0,5.0,5.0,102.0,107.0,-2.2789650250327274
40.0,40.0,50.0,9.0,5.0,5.0,102.0,108.0,-2.2877279402122097
40.0,40.0,50.0,9.0,5.0,5.0,102.0,109.0,-2.31707662544182
40.0,40.0,50.0,9.0,5.0,5.0,102.0,110.0,-2.335806020109378
40.0,40.0,50.0,9.0,5.0,5.0,103.0,101.0,-2.4802301921038774
40.0,40.0,50.0,9.0,5.0,5.0,103.0,102.0,-2.2804161732234665
40.0,40.0,50.0,9.0,5.0,5.0,103.0,103.0,-2.3611693748659675
40.0,40.0,50.0,9.0,5.0,5.0,103.0,104.0,-2.363085328903139
40.0,40.0,50.0,9.0,5.0,5.0,103.0,105.0,-2.2267453190858655
40.0,40.0,50.0,9.0,5.0,5.0,103.0,106.0,-2.374079887621494
40.0,40.0,50.0,9.0,5.0,5.0,103.0,107.0,-2.4162703945737323
40.0,40.0,50.0,9.0,5.0,5.0,103.0,108.0,-2.3996919189353583
40.0,40.0,50.0,9.0,5.0,5.0,103.0,109.0,-2.4674084905967497
40.0,40.0,50.0,9.0,5.0,5.0,103.0,110.0,-2.28208837543386
40.0,40.0,50.0,9.0,5.0,5.0,104.0,101.0,-2.249981267904936
40.0,40.0,50.0,9.0,5.0,5.0,104.0,102.0,-2.2492577393385056
40.0,40.0,50.0,9.0,5.0,5.0,104.0,103.0,-2.2153167690673268
40.0,40.0,50.0,9.0,5.0,5.0,104.0,104.0,-2.3020855444975794
40.0,40.0,50.0,9.0,5.0,5.0,104.0,105.0,-2.4044027846093865
40.0,40.0,50.0,9.0,5.0,5.0,104.0,106.0,-2.259614685619867
40.0,40.0,50.0,9.0,5.0,5.0,104.0,107.0,-2.2287058948383027
40.0,40.0,50.0,9.0,5.0,5.0,104.0,108.0,-2.2972939492140982
40.0,40.0,50.0,9.0,5.0,5.0,104.0,109.0,-2.2737026725856246
40.0,40.0,50.0,9.0,5.0,5.0,104.0,110.0,-2.2574715161565346
40.0,40.0,50.0,9.0,5.0,5.0,105.0,101.0,-2.26007987390713
40.0,40.0,50.0,9.0,5.0,5.0,105.0,102.0,-2.303961535573327
40.0,40.0,50.0,9.0,5.0,5.0,105.0,103.0,-2.3480801330085956
40.0,40.0,50.0,9.0,5.0,5.0,105.0,104.0,-2.1964565257578066
40.0,40.0,50.0,9.0,5.0,5.0,105.0,105.0,-2.281687530181215
40.0,40.0,50.0,9.0,5.0,5.0,105.0,106.0,-2.24934489694697
40.0,40.0,50.0,9.0,5.0,5.0,105.0,107.0,-2.2654688312958533
40.0,40.0,50.0,9.0,5.0,5.0,105.0,108.0,-2.3016662975432904
40.0,40.0,50.0,9.0,5.0,5.0,105.0,109.0,-2.1902909101176893
40.0,40.0,50.0,9.0,5.0,5.0,105.0,110.0,-2.30576864044003
40.0,40.0,50.0,10.0,5.0,5.0,101.0,101.0,-2.3376441509572237
40.0,40.0,50.0,10.0,5.0,5.0,101.0,102.0,-2.4258277251773297
40.0,40.0,50.0,10.0,5.0,5.0,101.0,103.0,-2.551280278665596
40.0,40.0,50.0,10.0,5.0,5.0,101.0,104.0,-2.506213078956574
40.0,40.0,50.0,10.0,5.0,5.0,101.0,105.0,-2.4818835901740055
40.0,40.0,50.0,10.0,5.0,5.0,101.0,106.0,-2.5460841463939294
40.0,40.0,50.0,10.0,5.0,5.0,101.0,107.0,-2.3621540033411015
40.0,40.0,50.0,10.0,5.0,5.0,101.0,108.0,-2.3771679371716843
40.0,40.0,50.0,10.0,5.0,5.0,101.0,109.0,-2.4746411896830693
40.0,40.0,50.0,10.0,5.0,5.0,101.0,110.0,-2.3564137364588214
40.0,40.0,50.0,10.0,5.0,5.0,102.0,101.0,-2.251136082277813
40.0,40.0,50.0,10.0,5.0,5.0,102.0,102.0,-2.3826368604060804
40.0,40.0,50.0,10.0,5.0,5.0,102.0,103.0,-2.481286693502081
40.0,40.0,50.0,10.0,5.0,5.0,102.0,104.0,-2.4080912531281937
40.0,40.0,50.0,10.0,5.0,5.0,102.0,105.0,-2.3188163211456874
40.0,40.0,50.0,10.0,5.0,5.0,102.0,106.0,-2.39973765041781
40.0,40.0,50.0,10.0,5.0,5.0,102.0,107.0,-2.2828373983070245
40.0,40.0,50.0,10.0,5.0,5.0,102.0,108.0,-2.2861381349752286
40.0,40.0,50.0,10.0,5.0,5.0,102.0,109.0,-2.3215575903931045
40.0,40.0,50.0,10.0,5.0,5.0,102.0,110.0,-2.3388624294091294
40.0,40.0,50.0,10.0,5.0,5.0,103.0,101.0,-2.497978700301411
40.0,40.0,50.0,10.0,5.0,5.0,103.0,102.0,-2.289282720701387
40.0,40.0,50.0,10.0,5.0,5.0,103.0,103.0,-2.3680814830133854
40.0,40.0,50.0,10.0,5.0,5.0,103.0,104.0,-2.374979234222116
40.0,40.0,50.0,10.0,5.0,5.0,103.0,105.0,-2.2342309268733977
40.0,40.0,50.0,10.0,5.0,5.0,103.0,106.0,-2.3755210938793487
40.0,40.0,50.0,10.0,5.0,5.0,103.0,107.0,-2.423601143777862
40.0,40.0,50.0,10.0,5.0,5.0,103.0,108.0,-2.4063870997209995
40.0,40.0,50.0,10.0,5.0,5.0,103.0,109.0,-2.4673967768619183
40.0,40.0,50.0,10.0,5.0,5.0,103.0,110.0,-2.2970966854982042
40.0,40.0,50.0,10.0,5.0,5.0,104.0,101.0,-2.2570910026843967
40.0,40.0,50.0,10.0,5.0,5.0,104.0,102.0,-2.2519891023661494
40.0,40.0,50.0,10.0,5.0,5.0,104.0,103.0,-2.2164313557575874
40.0,40.0,50.0,10.0,5.0,5.0,104.0,104.0,-2.300857473069056
40.0,40.0,50.0,10.0,5.0,5.0,104.0,105.0,-2.4153102517594127
40.0,40.0,50.0,10.0,5.0,5.0,104.0,106.0,-2.254530982535244
40.0,40.0,50.0,10.0,5.0,5.0,104.0,107.0,-2.234126014120562
40.0,40.0,50.0,10.0,5.0,5.0,104.0,108.0,-2.3026729880262895
40.0,40.0,50.0,10.0,5.0,5.0,104.0,109.0,-2.278290160538341
40.0,40.0,50.0,10.0,5.0,5.0,104.0,110.0,-2.2584458568259524
40.0,40.0,50.0,10.0,5.0,5.0,105.0,101.0,-2.2721341654954514
40.0,40.0,50.0,10.0,5.0,5.0,105.0,102.0,-2.3071538826065083
40.0,40.0,50.0,10.0,5.0,5.0,105.0,103.0,-2.352074458557248
40.0,40.0,50.0,10.0,5.0,5.0,105.0,104.0,-2.206111323782142
40.0,40.0,50.0,10.0,5.0,5.0,105.0,105.0,-2.2947441555546044
40.0,40.0,50.0,10.0,5.0,5.0,105.0,106.0,-2.2439084811354704
40.0,40.0,50.0,10.0,5.0,5.0,105.0,107.0,-2.2720179862532945
40.0,40.0,50.0,10.0,5.0,5.0,105.0,108.0,-2.3107262243154936
40.0,40.0,50.0,10.0,5.0,5.0,105.0,109.0,-2.198030588959929
40.0,40.0,50.0,10.0,5.0,5.0,105.0,110.0,-2.30921687812468
