"","V1","V2","V3","V4","V5","V6","V7","V8","V9","V10","V11","V12","V13","V14","V15"
"1",0.1,0.1,0.1,0.1,0.1,0.5,0.5,0.5,0.5,0.5,0.9,0.9,0.9,0.9,0.9
"2",1,2,3,4,5,1,2,3,4,5,1,2,3,4,5
"3",4,0,0,6,0,11,4,5,8,5,13,6,7,8,7
"4",1,17,4,3,1,8,10,6,12,8,10,7,6,15,11
"5",6,5,2,12,21,7,8,10,3,13,7,7,10,5,9
"6",1,10,6,43,4,10,10,13,14,7,11,7,13,11,7
"7",5,27,11,5,6,21,16,5,12,12,15,9,8,12,13
"8",9,12,1,15,14,5,14,4,19,10,7,9,11,12,9
"9",1,0,0,1,3,12,7,11,16,6,13,6,10,14,15
"10",16,0,22,28,26,8,6,9,7,17,9,11,9,7,4
"11",6,1,2,25,17,9,14,7,13,15,11,13,7,11,8
"12",14,6,3,21,23,8,14,9,3,17,11,16,8,7,7
"13",16,16,0,1,11,11,13,5,15,11,10,14,8,14,15
"14",2,5,5,9,26,11,10,8,18,20,10,9,6,13,13
"15",5,11,12,20,0,14,6,4,10,5,13,3,12,12,16
"16",13,5,18,11,11,6,15,10,17,14,8,17,8,7,9
"17",2,6,1,2,40,9,12,11,8,22,9,12,13,5,12
"18",18,10,11,12,1,13,13,15,13,18,11,13,13,9,16
"19",8,14,20,3,13,10,4,14,15,13,10,5,12,9,12
"20",15,1,17,10,22,8,5,10,16,3,11,7,11,11,13
"21",13,1,14,16,1,12,10,14,7,14,13,12,11,6,13
"22",16,2,11,6,20,15,10,8,10,7,13,11,9,12,7
"23",27,5,1,15,3,8,14,10,7,13,8,11,9,17,15
"24",4,4,3,12,6,13,6,12,8,10,12,14,9,11,11
"25",40,2,1,5,10,3,8,12,4,13,5,11,9,8,8
"26",1,4,10,7,3,13,10,11,8,8,12,6,11,10,11
"27",0,23,10,10,4,10,7,12,2,5,11,8,9,7,10
"28",26,9,12,1,2,8,14,9,12,5,8,10,8,9,10
"29",5,23,2,2,43,11,8,2,10,6,14,4,13,10,8
"30",1,19,0,14,5,12,7,8,17,6,12,11,11,7,7
"31",1,27,0,5,7,11,6,9,8,5,11,6,13,16,6
"32",37,4,4,22,10,13,8,9,11,0,16,12,10,8,6
"33",7,3,2,27,14,11,17,14,10,6,12,8,8,12,5
"34",1,1,2,12,5,7,11,6,14,13,7,17,13,9,6
"35",14,5,1,0,11,5,7,8,6,10,5,10,6,8,2
"36",6,0,21,8,14,15,9,8,9,10,12,9,13,15,9
"37",6,0,5,0,8,19,6,14,11,13,14,9,11,9,14
"38",1,12,8,5,25,7,15,11,8,8,9,13,12,8,10
"39",3,28,0,0,7,10,10,16,14,5,12,13,12,13,9
"40",13,0,0,12,9,8,6,7,15,7,8,12,4,10,11
"41",20,8,13,3,15,5,10,4,3,3,7,14,10,5,8
"42",14,30,15,2,12,7,21,16,10,14,9,16,14,11,4
"43",19,50,3,5,34,11,8,7,13,10,10,6,10,3,7
"44",24,2,1,2,68,9,5,4,5,3,10,6,7,9,4
"45",12,6,7,1,2,11,16,12,7,15,10,15,11,12,15
"46",1,10,4,26,31,16,4,6,1,9,13,16,7,12,11
"47",0,34,11,3,5,10,14,6,10,9,8,15,8,10,5
"48",0,26,11,6,1,15,6,11,9,6,13,6,8,10,14
"49",14,1,5,11,7,17,7,10,12,15,13,12,9,12,9
"50",14,8,3,20,3,6,19,14,7,9,9,16,9,9,10
"51",2,6,7,7,13,8,6,12,11,11,11,8,8,8,6
"52",6,5,0,32,3,6,6,7,11,9,7,15,13,13,13
"53",3,1,5,26,1,4,15,14,11,25,6,10,11,12,9
"54",4,5,3,4,1,4,12,12,8,6,5,8,5,10,10
"55",4,17,2,17,10,14,17,2,5,3,13,14,8,8,5
"56",5,5,2,4,10,16,7,9,15,26,15,11,12,9,8
"57",18,8,19,17,3,8,10,10,8,16,9,13,7,7,9
"58",8,18,11,13,6,11,17,12,13,8,9,7,10,8,7
"59",11,20,6,10,3,8,8,9,13,3,7,10,9,11,5
"60",5,6,1,4,3,9,8,12,12,16,10,16,4,10,9
"61",2,2,15,1,4,9,15,12,8,5,10,9,8,14,8
"62",1,7,2,0,36,13,5,4,12,8,10,8,8,10,5
"63",1,5,0,6,0,14,14,19,14,8,15,3,9,13,12
"64",41,1,3,3,3,11,15,6,7,9,10,5,13,13,5
"65",0,0,45,0,4,9,11,9,5,6,10,4,14,9,9
"66",28,0,8,1,9,7,18,15,7,14,8,14,6,14,12
"67",4,10,3,35,1,5,18,15,26,6,6,16,12,10,11
"68",4,5,5,7,5,3,10,7,4,15,6,7,5,9,6
"69",27,5,3,3,0,3,7,6,2,10,6,13,3,13,10
"70",9,1,8,5,7,5,8,3,20,6,7,13,7,5,8
"71",68,15,16,8,4,9,12,2,13,5,10,11,11,3,15
"72",1,19,4,7,21,7,8,21,15,8,5,7,6,16,11
"73",1,1,26,0,19,5,7,11,6,12,7,11,13,7,9
"74",5,5,6,4,12,6,7,11,4,11,9,12,19,8,13
"75",35,19,17,15,2,7,10,11,6,11,6,12,11,19,13
"76",12,8,31,7,1,10,6,9,7,12,10,10,16,13,4
"77",0,32,15,1,10,11,4,10,10,7,12,9,6,13,7
"78",9,5,0,10,35,3,11,10,7,4,6,11,14,11,9
"79",3,5,18,0,12,10,5,9,20,5,8,8,7,6,5
"80",3,10,2,12,1,9,12,15,10,9,11,5,16,6,6
"81",1,3,4,5,4,11,12,12,9,4,13,15,14,8,15
"82",6,2,25,1,22,18,11,17,3,10,14,6,7,14,4
"83",0,1,14,1,11,9,7,6,12,5,8,12,9,4,7
"84",19,5,5,11,2,3,3,3,3,7,6,10,10,7,8
"85",0,15,13,4,1,17,4,14,7,4,17,13,8,3,7
"86",2,13,31,4,4,11,2,8,7,11,11,10,8,8,8
"87",31,13,37,10,2,7,13,11,7,16,12,6,10,8,8
"88",6,18,3,2,12,6,8,21,13,6,9,7,5,10,8
"89",41,24,11,0,20,21,5,20,12,8,15,4,5,5,15
"90",10,4,1,3,4,9,7,7,21,5,7,11,8,6,9
"91",2,9,9,8,0,4,12,5,6,8,5,8,11,10,16
"92",3,0,14,0,4,10,10,4,6,18,10,8,9,9,7
"93",6,30,11,4,6,8,10,14,5,15,7,8,7,9,8
"94",20,37,9,2,11,10,8,4,9,19,9,12,13,14,7
"95",5,16,5,2,1,7,9,10,10,6,17,8,8,7,8
"96",10,7,22,1,3,8,7,10,8,12,12,11,10,7,15
"97",6,6,12,1,12,19,6,8,11,14,6,6,12,10,13
"98",0,19,10,6,19,4,12,16,4,10,8,9,13,6,15
"99",4,5,9,6,9,7,11,10,12,15,11,12,9,7,8
"100",8,4,34,13,0,11,10,13,10,9,14,10,5,2,5
"101",19,14,4,22,1,16,8,5,8,7,13,13,10,11,10
"102",6,4,6,4,29,17,5,8,12,14,10,12,8,13,5
"103",6,13,0,12,3,10,13,10,8,8,10,9,9,17,11
"104",1,18,3,16,0,11,5,8,1,5,9,12,8,12,13
"105",0,4,23,4,11,12,11,10,13,4,7,6,9,5,8
"106",17,4,9,30,4,3,7,6,7,8,14,11,13,14,8
"107",7,29,11,19,7,19,5,16,7,7,16,7,12,10,13
"108",24,10,4,6,3,3,18,16,10,21,12,10,11,13,7
"109",4,23,4,11,15,6,3,15,16,15,10,9,9,6,5
"110",6,14,18,0,6,5,14,8,5,20,9,8,13,6,5
"111",0,12,8,1,2,12,7,8,15,10,14,13,12,9,9
"112",10,5,4,30,13,6,6,12,13,2,8,6,7,10,8
"113",6,6,2,6,6,10,4,14,8,10,11,12,13,7,18
"114",19,11,9,4,10,10,14,5,10,5,10,8,6,8,15
"115",6,28,5,10,11,14,12,14,3,10,9,9,11,11,14
"116",1,29,3,3,7,8,15,5,8,5,9,8,13,9,9
"117",2,9,6,10,6,6,16,11,12,9,8,13,7,12,19
"118",21,27,18,1,2,6,8,13,4,8,7,12,13,2,8
"119",40,5,1,4,8,13,10,12,8,7,11,12,13,11,9
"120",7,0,15,8,15,4,10,15,6,11,6,10,18,11,8
"121",5,1,19,2,28,2,10,11,10,7,5,10,8,11,10
"122",10,2,10,3,1,9,9,19,7,10,10,11,7,12,8
"123",15,35,0,3,4,13,4,7,7,16,11,11,5,3,5
"124",23,14,7,14,18,10,4,7,10,11,10,9,10,7,7
"125",0,8,17,20,0,9,7,8,11,9,10,10,9,9,10
"126",3,4,20,10,5,4,3,4,4,4,3,5,9,8,10
"127",14,2,17,3,20,6,12,13,2,14,8,4,6,10,9
"128",0,17,37,15,8,12,15,12,17,11,12,12,12,9,16
"129",8,5,3,17,5,8,4,10,11,6,11,5,10,9,9
"130",10,8,0,26,0,20,8,5,1,15,18,12,12,7,7
"131",5,3,25,0,8,2,14,9,16,7,5,16,4,12,13
"132",9,8,5,16,3,3,11,10,18,12,6,4,8,10,14
"133",26,21,2,6,3,15,17,8,9,7,15,11,10,11,12
"134",22,19,34,25,0,17,7,6,11,15,19,11,11,14,9
"135",0,9,2,8,7,12,12,3,14,8,13,9,9,5,9
"136",15,1,2,9,0,14,9,7,9,6,14,16,11,9,7
"137",3,13,31,7,1,11,15,11,12,11,12,14,6,4,11
"138",4,12,0,3,1,8,17,10,7,7,7,6,15,12,13
"139",2,23,4,9,4,11,10,13,7,12,9,15,7,15,12
"140",0,8,18,38,1,14,4,3,5,10,11,14,19,14,8
"141",24,3,19,6,1,7,6,10,8,9,10,12,8,13,7
"142",6,7,11,1,30,8,5,13,19,14,8,11,12,15,10
"143",26,1,9,0,2,8,9,17,20,12,5,4,13,8,11
"144",2,17,6,12,16,7,11,21,13,7,10,6,13,8,11
"145",10,13,3,9,2,12,17,11,5,15,12,5,11,13,14
"146",4,18,43,28,12,11,9,5,6,9,10,6,6,9,16
"147",2,17,9,11,18,12,3,3,19,8,14,9,10,18,5
"148",3,18,8,0,7,17,11,17,9,15,15,11,5,11,8
"149",14,2,12,15,7,15,12,14,9,4,6,15,7,13,15
"150",2,2,35,2,8,6,5,4,8,6,11,10,12,11,7
"151",8,15,15,13,16,9,11,12,12,15,7,4,5,9,7
"152",5,5,6,34,5,3,11,7,5,8,8,6,8,6,13
"153",16,2,11,7,9,13,14,6,7,9,7,14,8,9,5
"154",2,4,12,3,29,9,22,14,8,4,15,10,7,7,5
"155",20,2,31,4,0,8,8,4,7,10,9,14,8,8,12
"156",7,26,13,2,8,7,4,8,3,5,11,14,15,15,7
"157",4,4,0,11,15,7,15,11,13,7,8,11,5,8,9
"158",12,21,0,22,23,19,3,10,8,8,4,13,5,10,6
"159",13,2,9,13,18,5,13,5,10,8,15,17,12,16,10
"160",0,1,1,6,21,18,11,18,17,23,7,10,16,15,7
"161",12,1,0,2,5,6,6,6,9,8,13,4,9,12,7
"162",8,6,16,19,9,13,11,13,8,7,11,14,12,6,9
"163",33,4,2,7,0,13,4,18,17,3,7,4,12,13,7
"164",6,12,7,22,43,7,15,12,17,15,13,13,11,13,16
"165",3,5,4,23,25,15,15,15,16,7,9,10,16,14,9
"166",7,1,3,14,20,8,10,9,5,17,11,6,11,11,9
"167",1,12,3,15,2,8,23,15,15,3,10,11,10,8,4
"168",12,3,4,2,6,12,10,11,12,7,9,5,13,14,9
"169",23,1,3,6,30,9,7,8,22,12,12,13,16,11,9
"170",3,12,9,7,7,16,12,14,11,12,14,15,11,6,16
"171",56,1,11,21,28,7,6,24,8,7,12,9,12,8,6
"172",6,16,8,2,12,22,19,17,16,16,13,19,8,9,7
"173",1,3,16,7,12,13,7,12,9,12,10,8,10,4,13
"174",16,28,19,11,28,10,6,12,8,10,10,9,7,10,13
"175",7,10,14,3,13,7,10,16,5,16,2,14,12,7,9
"176",12,4,21,13,2,8,8,13,10,12,11,8,10,12,15
"177",13,23,13,1,9,12,8,17,5,5,11,11,8,10,13
"178",3,22,2,0,3,14,8,6,11,17,10,8,7,10,10
"179",17,12,0,2,7,4,12,5,9,8,7,7,6,8,14
"180",9,2,4,16,1,13,16,7,13,13,5,11,6,7,11
"181",13,4,6,23,7,3,15,5,9,12,7,10,3,5,7
"182",14,23,3,1,6,6,5,2,11,15,12,9,17,6,13
"183",12,17,10,10,7,10,7,17,9,7,7,9,4,10,11
"184",16,1,7,1,2,10,9,3,8,10,9,12,8,4,14
"185",0,8,1,13,8,9,13,7,5,21,14,14,9,6,10
"186",5,0,5,2,5,12,19,9,4,6,11,7,5,6,12
"187",1,2,0,7,7,12,5,12,9,11,11,7,10,12,9
"188",19,8,4,11,9,7,13,2,2,3,7,12,6,9,10
"189",1,21,2,0,1,13,7,11,4,21,19,11,7,11,19
"190",5,11,3,11,0,21,7,5,6,14,13,15,7,11,5
"191",5,0,21,13,13,6,11,4,12,14,12,10,7,14,11
"192",0,23,35,3,13,24,7,2,7,9,5,7,10,15,5
"193",11,3,21,23,5,10,13,8,10,9,11,12,8,8,20
"194",43,11,51,39,17,5,6,21,9,4,8,10,9,9,10
"195",21,6,11,8,9,5,22,11,17,4,17,7,17,9,11
"196",8,2,1,2,21,10,12,12,17,15,14,8,15,8,11
"197",34,15,34,1,7,14,9,19,8,2,8,9,10,16,9
"198",17,9,4,14,16,13,16,21,6,17,10,11,15,12,4
"199",25,11,29,0,5,7,14,2,7,8,9,6,9,14,5
"200",1,0,12,11,2,9,7,8,7,13,12,14,10,4,16
"201",6,24,0,2,22,11,8,10,18,6,7,12,5,9,5
"202",13,0,23,9,1,13,18,12,12,11,14,12,14,21,16
"203",13,2,37,6,4,10,13,7,16,17,11,12,11,5,6
"204",5,2,16,7,5,16,7,23,4,20,11,14,9,14,12
"205",0,5,3,9,17,12,10,8,9,14,8,12,5,10,9
"206",4,4,2,11,7,13,5,4,18,7,11,6,13,12,11
"207",35,24,6,2,16,6,6,15,4,12,5,9,14,13,13
"208",27,0,3,1,0,11,11,18,16,7,5,14,12,9,17
"209",0,13,20,0,0,4,6,11,11,11,7,10,8,17,12
"210",16,25,4,25,10,9,5,9,12,12,5,10,10,9,9
"211",5,2,0,26,40,6,9,8,8,11,5,10,8,5,13
"212",5,5,7,3,2,6,5,6,11,8,10,13,8,6,10
"213",10,2,8,1,9,5,14,9,21,13,17,4,14,11,11
"214",5,3,6,8,12,12,14,12,8,9,14,10,8,16,14
"215",15,26,9,3,4,15,5,11,3,7,11,6,4,9,6
"216",20,8,4,2,7,12,10,5,4,12,14,10,8,13,10
"217",25,18,0,10,13,11,7,27,9,17,5,16,12,7,9
"218",6,4,0,9,10,14,14,5,20,12,9,5,6,7,12
"219",21,2,4,7,8,3,10,8,9,7,5,11,17,7,4
"220",14,20,10,18,11,7,8,9,14,11,13,7,9,7,12
"221",5,10,9,5,15,6,12,7,7,8,4,12,20,8,5
"222",7,13,0,0,10,10,7,11,6,10,13,10,11,10,12
"223",22,14,1,16,23,4,19,20,5,13,11,6,9,10,11
"224",14,6,3,19,8,15,6,8,7,12,9,11,6,10,13
"225",4,42,10,14,17,10,14,10,8,11,15,5,9,10,8
"226",15,10,5,6,3,12,19,17,10,8,8,12,16,8,11
"227",2,1,8,4,14,18,4,15,10,4,12,9,13,6,11
"228",1,3,9,7,6,6,13,6,10,6,6,13,7,13,12
"229",20,9,7,5,22,11,16,16,7,12,9,7,17,11,10
"230",3,9,6,45,1,9,10,22,7,12,9,10,19,9,8
"231",10,19,19,26,10,11,10,17,5,7,7,12,11,7,13
"232",9,17,7,13,3,9,6,4,12,11,11,15,11,11,12
"233",4,1,10,4,3,4,8,12,12,6,12,7,13,8,10
"234",4,0,5,21,15,10,13,11,7,14,10,7,9,6,7
"235",10,2,4,4,5,17,9,17,8,24,6,6,9,4,14
"236",9,0,3,4,0,19,12,15,11,6,10,9,14,9,7
"237",0,10,1,15,11,4,5,9,6,14,6,9,10,8,12
"238",3,3,14,8,13,23,3,8,8,7,6,8,8,15,7
"239",11,37,4,52,10,9,4,7,2,14,8,10,21,3,13
"240",10,11,10,4,0,6,4,5,5,15,9,13,7,10,6
"241",14,21,2,10,6,8,11,10,7,8,9,14,7,9,15
"242",19,9,22,1,1,16,18,8,14,7,16,9,10,6,8
"243",7,1,5,15,3,7,5,10,1,7,12,16,8,7,14
"244",0,6,6,9,12,10,12,15,9,10,15,10,10,14,13
"245",2,12,4,1,7,24,11,4,8,8,13,11,13,6,11
"246",6,14,3,0,10,2,24,3,3,9,10,16,6,7,7
"247",0,19,7,21,3,16,8,18,6,7,11,12,4,10,8
"248",3,6,5,32,3,9,5,14,18,7,13,9,17,7,9
"249",1,22,2,12,21,8,6,3,6,12,10,14,10,8,11
"250",0,2,6,4,6,10,11,11,5,6,9,16,8,14,8
"251",4,2,7,17,14,7,12,14,7,8,10,4,8,11,11
"252",6,19,15,26,8,9,11,13,6,8,12,14,13,11,13
"253",3,36,5,12,4,9,16,9,5,16,13,12,11,7,16
"254",11,0,2,14,21,8,9,7,16,8,6,15,8,9,11
"255",0,5,15,4,12,15,13,4,8,7,7,13,10,10,7
"256",38,1,11,9,3,6,11,10,11,13,7,11,6,14,12
"257",23,2,12,2,10,10,7,10,6,9,11,10,11,16,10
"258",27,3,0,28,20,8,12,6,12,18,4,6,11,9,16
"259",25,1,7,10,1,6,17,12,9,2,8,8,9,7,10
"260",32,6,26,0,7,16,12,13,15,20,11,9,11,14,9
"261",2,5,9,25,20,7,6,4,20,7,14,12,13,9,11
"262",37,1,16,7,23,12,15,13,4,8,7,15,6,11,11
"263",3,20,1,6,16,14,9,8,5,6,3,13,11,11,15
"264",10,10,44,13,7,7,5,8,13,7,14,8,10,13,4
"265",41,11,0,0,4,2,16,7,9,16,6,12,8,10,18
"266",4,6,8,9,17,15,16,13,15,9,9,8,9,18,8
"267",13,11,1,27,33,10,12,7,10,9,3,6,12,10,8
"268",9,11,9,5,2,6,20,3,10,11,10,18,10,9,15
"269",19,8,5,8,11,12,17,6,20,13,13,16,7,9,8
"270",13,2,8,23,8,11,10,7,9,5,14,13,8,13,8
"271",2,3,3,8,29,14,10,9,7,6,10,17,8,6,12
"272",12,6,24,5,7,15,14,9,9,4,9,15,11,7,15
"273",17,3,5,19,3,13,8,9,7,10,8,8,8,14,7
"274",6,11,10,5,3,7,15,8,18,11,9,12,11,10,12
"275",2,10,10,6,10,7,13,18,6,11,12,14,10,6,10
"276",2,13,0,0,14,10,10,6,7,12,8,9,15,10,10
"277",34,19,1,12,4,10,8,9,14,8,10,9,6,11,11
"278",8,2,0,25,0,8,18,12,8,10,8,14,8,11,8
"279",11,0,3,14,3,15,7,7,4,5,7,11,8,13,5
"280",1,11,4,3,1,18,9,23,11,7,15,9,11,4,8
"281",0,59,21,11,2,16,5,12,14,9,13,17,5,10,11
"282",16,12,13,5,4,17,9,3,9,17,10,9,10,8,9
"283",11,6,10,13,4,11,6,8,12,7,11,9,12,7,9
"284",25,8,17,15,9,12,13,7,4,9,8,8,5,4,12
"285",19,26,10,3,18,6,18,12,8,9,7,9,9,7,9
"286",4,6,2,5,18,6,10,5,4,8,5,8,9,9,9
"287",1,2,15,15,15,30,8,5,6,12,8,15,9,7,14
"288",10,0,8,5,23,16,11,14,3,6,14,7,14,11,8
"289",4,16,2,2,4,5,5,14,6,11,13,16,6,7,16
"290",4,1,3,15,5,16,7,15,7,15,13,13,12,10,9
"291",3,19,18,5,15,10,8,10,9,2,12,13,14,14,8
"292",17,0,2,1,3,5,13,11,8,15,8,7,12,11,11
"293",6,0,4,1,7,4,9,7,3,10,12,10,12,13,7
"294",22,5,12,8,8,10,9,13,10,14,11,11,11,9,8
"295",12,11,5,21,3,9,7,14,16,3,8,9,11,8,8
"296",4,1,1,11,13,6,8,11,13,6,11,5,13,4,11
"297",27,0,4,6,2,3,14,9,15,15,13,12,13,10,8
"298",3,12,2,9,24,4,8,23,7,14,11,14,8,11,5
"299",17,1,6,8,12,9,5,5,6,8,8,6,13,14,12
"300",7,3,11,4,1,8,10,10,3,7,17,12,15,16,19
"301",7,1,1,20,9,18,3,10,8,5,7,9,11,11,10
"302",4,4,14,15,9,10,9,8,10,15,8,7,9,11,11
"303",5,20,6,8,5,9,7,8,14,10,7,9,9,10,9
"304",3,14,22,14,1,9,14,8,10,17,9,10,9,4,13
"305",9,4,0,24,19,10,8,5,12,2,9,13,10,3,14
"306",1,0,18,14,2,12,7,5,11,5,12,11,9,11,10
"307",7,16,5,3,2,13,13,11,8,11,13,7,9,10,17
"308",6,21,9,12,8,11,5,11,4,8,9,7,5,19,8
"309",3,19,2,19,15,14,9,12,3,8,8,9,11,9,15
"310",6,4,4,6,22,13,23,13,8,12,12,8,9,10,2
"311",8,2,6,3,0,16,3,6,10,18,9,11,13,9,7
"312",10,42,24,10,0,19,6,6,24,8,10,18,10,17,11
"313",1,11,17,21,11,9,8,7,10,8,15,5,5,12,9
"314",10,27,2,0,4,19,8,14,10,9,10,7,7,8,9
"315",13,1,3,0,10,7,11,13,12,5,10,10,6,7,12
"316",19,6,0,4,45,4,17,15,19,10,12,6,12,13,13
"317",7,13,48,15,29,6,5,25,13,10,10,11,10,6,11
"318",0,17,11,1,1,8,8,9,7,11,6,7,8,12,9
"319",3,10,24,4,2,11,15,14,11,28,5,9,13,11,7
"320",17,2,4,9,33,12,6,11,4,8,9,5,7,12,6
"321",5,36,7,4,4,3,9,10,8,10,10,8,10,5,12
"322",19,12,3,6,1,4,5,13,4,11,8,8,9,12,11
"323",2,3,0,6,2,5,18,10,20,7,5,6,11,10,11
"324",5,5,6,11,3,6,17,8,12,7,5,10,12,12,19
"325",32,8,4,2,3,10,8,14,10,10,7,7,8,15,11
"326",22,12,8,10,3,5,20,11,6,12,6,7,7,19,10
"327",4,9,16,0,3,7,8,14,11,9,7,12,13,10,12
"328",0,2,5,9,20,6,14,17,7,14,6,12,8,11,2
"329",0,5,8,1,22,18,16,7,17,9,6,11,13,6,8
"330",6,6,41,1,2,7,10,7,20,9,16,10,16,7,11
"331",21,9,6,10,0,8,19,16,12,10,10,11,7,10,10
"332",0,6,6,6,0,7,16,8,5,6,8,12,7,10,10
"333",23,3,11,54,5,3,12,12,8,14,9,9,11,12,15
"334",7,20,6,0,51,12,14,12,11,14,2,3,7,11,8
"335",6,17,3,3,1,10,5,10,9,13,8,13,10,8,10
"336",3,7,12,2,17,16,14,9,10,10,11,11,8,10,8
"337",15,9,1,7,23,6,15,4,14,10,9,7,9,9,6
"338",5,43,3,6,22,15,9,7,8,10,5,14,6,12,9
"339",17,4,15,3,26,13,12,10,12,7,8,10,6,11,13
"340",22,14,19,41,0,12,21,29,10,15,9,14,10,9,11
"341",0,33,5,1,15,15,15,7,7,6,14,13,4,11,11
"342",3,1,7,15,7,14,12,12,14,8,6,13,13,15,11
"343",9,5,5,2,6,5,14,3,14,8,13,6,11,11,10
"344",10,8,9,1,9,11,8,15,6,11,7,16,8,11,11
"345",3,13,8,0,30,5,8,15,12,12,12,9,8,15,5
"346",11,47,18,7,7,20,6,9,10,8,12,9,8,17,15
"347",26,2,21,1,49,7,12,8,16,10,7,8,9,8,9
"348",5,0,1,1,1,9,13,8,18,5,12,10,16,8,8
"349",3,11,7,15,38,9,10,12,8,2,5,15,7,13,9
"350",5,5,0,15,21,11,5,6,7,14,8,12,11,10,14
"351",25,7,6,0,2,15,12,11,4,12,10,8,8,7,3
"352",5,5,1,16,11,19,5,11,17,8,6,10,9,7,8
"353",12,0,12,0,9,15,8,14,11,12,7,11,5,7,7
"354",22,44,4,2,7,5,19,16,8,13,10,8,10,10,7
"355",5,2,38,23,4,14,22,9,15,9,12,12,8,7,9
"356",3,0,14,10,11,7,7,10,7,8,12,6,12,11,10
"357",6,6,2,14,3,9,2,3,15,10,14,7,14,10,10
"358",16,4,15,0,6,20,8,11,5,6,6,9,10,10,16
"359",1,8,30,9,9,7,3,12,7,12,14,6,9,11,5
"360",1,4,9,6,37,11,5,3,10,12,7,12,6,5,10
"361",14,3,8,23,1,20,3,15,8,11,9,10,12,8,9
"362",4,11,4,0,9,19,14,8,12,15,11,3,11,8,15
"363",13,8,16,4,2,11,11,5,4,8,13,7,7,9,4
"364",21,5,29,21,8,4,11,6,6,13,7,18,15,10,9
"365",26,14,6,28,18,2,6,7,7,4,12,8,10,8,7
"366",4,1,15,12,5,4,11,11,7,6,15,9,5,16,4
"367",3,0,23,8,5,14,10,6,11,13,16,5,9,13,8
"368",9,21,2,23,12,5,24,9,10,6,13,8,7,9,10
"369",27,18,2,6,23,9,7,5,19,12,6,11,9,11,9
"370",10,6,1,18,0,19,5,10,13,8,3,8,8,11,13
"371",2,4,4,15,7,6,9,5,8,6,7,12,10,8,10
"372",0,14,10,14,11,13,15,12,11,9,11,13,7,11,11
"373",7,37,7,0,14,8,21,13,9,13,7,4,11,6,5
"374",5,17,3,24,21,6,6,7,10,11,8,6,5,13,10
"375",4,2,15,0,15,11,21,9,10,14,8,6,11,9,11
"376",7,16,0,5,9,14,12,18,7,5,9,10,13,9,10
"377",4,0,5,24,7,11,8,9,9,9,9,10,7,15,11
"378",29,35,10,15,16,4,8,5,13,16,10,17,8,7,6
"379",3,9,2,9,1,13,26,9,10,6,8,6,14,16,4
"380",24,2,25,5,3,10,7,14,6,8,14,18,13,7,6
"381",8,4,10,11,6,15,5,2,7,11,9,9,6,5,6
"382",1,7,6,19,7,5,12,5,17,9,12,10,10,6,8
"383",18,7,5,15,22,14,10,12,4,9,2,9,10,10,11
"384",6,11,31,17,31,13,13,8,4,18,6,2,10,4,7
"385",0,27,12,4,0,1,7,3,5,17,11,10,10,10,10
"386",25,3,10,6,48,8,6,13,6,4,7,10,9,8,12
"387",4,4,11,25,10,10,6,14,5,11,7,11,11,15,6
"388",13,7,4,2,1,10,11,9,9,11,14,4,7,6,9
"389",23,25,15,10,2,7,17,7,13,7,10,11,11,9,13
"390",1,0,7,18,13,4,16,9,7,14,5,9,10,7,11
"391",9,11,13,5,5,7,3,5,15,11,10,12,12,8,8
"392",14,7,0,12,7,10,13,5,6,9,14,8,8,10,15
"393",5,6,29,3,1,14,3,21,10,10,5,6,13,6,13
"394",3,13,11,2,18,3,4,19,5,14,9,7,8,9,6
"395",0,2,4,2,0,9,23,7,9,6,11,13,8,5,9
"396",13,15,1,2,8,6,7,4,7,8,10,16,12,16,12
"397",4,4,24,6,13,15,9,16,5,8,6,14,15,8,7
"398",15,9,3,6,19,13,19,17,10,8,11,6,6,14,10
"399",1,0,3,23,1,2,11,14,6,6,15,15,6,9,11
"400",2,5,9,5,15,6,6,6,25,14,8,3,8,10,9
"401",20,32,0,6,11,16,11,8,6,11,7,6,15,10,13
"402",9,22,0,9,1,6,5,12,12,6,13,18,16,7,8
"403",15,26,15,2,9,6,21,8,7,11,5,10,14,7,6
"404",10,6,24,4,0,8,7,8,11,10,4,9,8,12,6
"405",2,8,24,13,2,6,9,11,8,8,16,13,7,8,10
"406",42,19,4,20,6,10,3,8,5,14,12,8,9,13,12
"407",9,5,4,18,21,6,6,7,7,4,4,8,11,7,7
"408",17,13,25,4,0,5,9,9,23,12,5,8,9,7,13
"409",14,13,4,10,2,17,14,6,13,10,15,6,11,17,9
"410",2,12,24,7,5,8,10,6,15,12,7,15,11,9,8
"411",13,19,2,9,23,12,10,14,6,11,8,11,7,9,11
"412",9,8,20,13,9,7,10,7,7,18,11,11,7,8,9
"413",6,2,5,9,6,9,6,8,19,10,7,7,8,9,8
"414",2,3,4,8,0,7,8,13,6,2,11,8,5,8,9
"415",4,2,0,9,4,10,8,9,6,9,5,9,14,9,15
"416",12,12,0,0,5,19,9,10,9,18,8,15,5,18,10
"417",34,3,12,11,1,3,13,9,7,15,17,10,12,3,13
"418",5,1,0,1,24,5,9,21,6,6,8,11,5,6,10
"419",1,24,2,0,8,9,13,9,11,10,10,11,14,13,19
"420",1,9,0,18,0,11,9,13,18,3,7,7,11,13,11
"421",0,7,37,13,2,16,8,17,3,7,9,7,16,8,18
"422",1,6,10,16,8,10,6,3,7,8,9,11,15,11,12
"423",15,4,5,13,4,3,7,10,13,9,11,8,9,15,8
"424",4,4,4,3,9,9,8,6,13,14,16,10,15,6,8
"425",8,0,0,10,15,11,18,11,18,13,5,9,9,11,7
"426",0,7,3,11,19,10,17,9,6,13,7,9,5,5,13
"427",7,22,6,0,12,7,23,6,4,15,9,8,8,3,11
"428",1,6,2,20,13,20,12,10,4,10,9,12,11,15,9
"429",15,11,5,14,35,13,8,9,10,13,12,6,10,10,8
"430",1,49,16,10,6,9,5,7,3,12,10,8,13,8,15
"431",23,7,10,27,6,16,17,5,1,7,5,14,8,12,12
"432",10,13,0,7,8,11,6,20,13,6,10,13,14,8,10
"433",1,0,13,14,17,5,8,11,10,4,12,8,13,15,12
"434",7,0,21,1,6,19,12,9,6,14,12,11,14,13,7
"435",16,30,10,12,3,6,8,11,11,9,10,9,16,9,6
"436",8,2,21,0,45,4,11,7,5,17,13,8,14,13,9
"437",20,0,12,4,6,17,3,3,14,23,11,17,8,12,5
"438",5,4,1,7,11,18,7,15,15,13,9,14,12,6,8
"439",0,1,27,19,3,4,17,17,9,12,15,9,9,9,18
"440",11,8,6,3,3,10,9,8,12,7,10,11,7,12,7
"441",14,6,2,7,20,10,2,10,20,4,5,8,4,4,12
"442",18,13,14,12,0,9,9,3,11,12,13,12,15,3,14
"443",3,5,0,7,12,9,10,24,13,8,6,4,14,7,11
"444",3,25,9,10,29,14,4,4,11,7,12,10,10,9,12
"445",13,11,15,18,25,7,15,12,11,7,17,12,12,4,13
"446",3,8,36,3,8,16,10,13,3,6,12,12,7,16,7
"447",3,12,4,4,3,16,7,9,1,9,10,4,6,12,6
"448",3,4,28,0,34,9,9,14,5,7,8,7,10,11,12
"449",0,25,6,2,0,13,5,6,9,6,12,12,18,7,8
"450",4,4,6,3,67,9,4,8,6,12,7,5,12,3,8
"451",25,11,8,2,17,17,8,4,19,5,12,11,6,6,5
"452",2,15,17,2,23,3,20,7,12,9,13,10,7,9,11
"453",0,4,11,7,2,10,15,17,12,7,7,7,10,13,7
"454",2,19,7,1,5,13,6,10,7,11,17,9,5,13,11
"455",10,0,5,7,3,10,2,10,1,11,15,7,10,14,10
"456",10,6,6,7,18,20,3,5,5,8,9,6,15,4,5
"457",1,9,8,9,0,8,9,2,9,14,13,7,11,15,10
"458",19,20,21,4,14,6,6,12,15,5,8,15,11,13,8
"459",0,1,24,4,5,14,16,3,6,7,8,12,8,14,8
"460",2,12,8,1,6,8,4,7,9,10,8,7,4,8,10
"461",6,7,0,5,7,11,5,5,17,7,8,4,11,11,9
"462",5,21,6,1,16,14,5,18,9,7,4,7,5,9,7
"463",1,2,8,0,16,7,9,11,10,12,10,9,9,7,11
"464",3,15,14,29,4,14,21,8,6,19,12,5,7,5,12
"465",10,8,2,7,8,9,5,9,7,18,9,14,11,6,10
"466",3,1,2,0,23,6,9,3,7,4,17,5,10,19,7
"467",0,5,21,15,13,9,14,22,7,14,11,6,8,15,11
"468",6,6,2,11,18,17,10,6,6,11,8,7,8,12,7
"469",4,11,14,9,8,3,3,11,5,5,12,8,6,7,10
"470",3,11,3,22,8,5,9,13,6,11,7,14,16,8,15
"471",2,2,19,13,0,11,5,3,19,10,12,5,6,8,16
"472",2,46,17,13,9,12,13,8,14,10,12,7,13,9,13
"473",1,17,1,2,3,7,8,9,16,6,13,13,11,6,5
"474",31,15,7,4,24,1,10,8,4,8,13,12,6,11,13
"475",5,0,10,13,13,5,8,27,7,10,8,5,9,13,9
"476",4,5,5,5,2,3,15,11,8,7,8,9,7,15,4
"477",3,17,4,25,7,14,9,10,8,16,14,6,10,6,8
"478",1,14,0,3,9,9,9,11,6,10,5,13,20,7,8
"479",0,1,1,0,9,7,9,8,13,5,4,8,10,5,7
"480",4,3,1,2,24,5,4,16,14,9,9,9,11,17,6
"481",3,11,1,16,2,9,17,9,15,9,6,9,11,11,9
"482",13,3,9,1,21,4,11,8,4,11,3,12,14,13,5
"483",7,11,6,0,6,16,6,10,6,8,8,10,8,10,13
"484",0,3,4,0,4,7,11,9,4,16,12,10,10,10,10
"485",2,33,7,12,10,13,1,8,16,11,10,10,11,11,7
"486",2,12,4,1,11,4,19,15,11,15,11,7,10,7,11
"487",4,31,6,8,11,15,6,16,10,12,13,15,13,17,9
"488",25,5,6,6,21,11,3,6,12,10,11,12,14,5,11
"489",16,2,6,4,0,7,6,11,12,9,7,6,15,10,7
"490",9,0,14,18,10,19,12,17,14,14,6,9,11,9,14
"491",8,35,10,12,18,12,15,13,11,12,8,4,11,6,10
"492",19,0,5,3,6,11,5,9,5,27,13,16,11,6,14
"493",8,7,12,4,13,10,4,12,6,9,2,7,16,10,13
"494",12,4,1,12,18,12,7,14,5,16,5,5,12,13,10
"495",2,2,0,33,1,7,10,5,21,13,11,8,13,12,6
"496",5,5,23,4,6,7,7,17,2,7,11,14,11,13,19
"497",9,23,1,12,0,6,20,12,11,27,9,13,15,13,7
"498",6,8,3,5,21,10,7,10,12,14,15,6,6,12,16
"499",2,23,3,6,27,10,13,10,8,10,11,5,14,5,12
"500",0,8,6,2,0,14,12,11,12,9,10,10,12,6,7
"501",39,14,3,1,5,10,7,10,9,11,11,11,10,13,20
"502",46,2,12,4,1,15,11,11,8,8,16,7,9,15,16
"503",16,2,3,9,26,6,9,8,12,10,8,19,9,17,8
"504",27,3,1,2,17,10,14,18,8,4,8,8,11,14,10
"505",5,22,21,4,20,10,15,18,15,5,8,12,12,9,14
"506",18,1,5,20,4,8,13,13,10,6,8,12,7,14,11
"507",4,25,10,16,3,11,5,0,2,14,8,11,15,7,10
"508",6,13,1,3,1,13,13,14,12,24,13,13,15,8,5
"509",3,14,22,1,0,10,4,7,13,16,9,7,14,13,7
"510",17,1,33,4,8,8,9,15,9,11,11,11,1,5,6
"511",0,4,2,25,0,9,10,11,17,6,8,9,16,9,13
"512",14,5,20,21,2,15,6,6,11,21,14,5,6,11,19
"513",9,14,6,1,8,10,5,10,13,16,10,11,14,8,15
"514",13,1,5,9,2,4,10,8,5,17,11,7,8,11,11
"515",2,0,11,12,3,7,7,13,10,6,12,12,15,8,6
"516",13,12,3,4,17,10,13,17,5,8,9,10,8,11,11
"517",8,6,13,1,5,3,6,5,8,12,10,8,6,8,15
"518",1,14,4,5,1,9,8,10,11,12,10,6,7,12,13
"519",1,7,5,17,34,5,11,4,7,14,10,13,12,12,13
"520",10,17,6,6,7,7,8,10,10,13,15,9,11,8,16
"521",7,2,0,22,10,8,14,8,11,4,9,12,6,10,16
"522",3,0,2,0,4,12,8,7,9,8,4,8,8,4,6
"523",8,12,20,26,19,6,7,6,12,9,11,8,7,1,10
"524",7,16,7,10,11,9,4,6,10,10,8,14,10,10,6
"525",40,2,25,16,3,5,13,8,11,5,5,9,10,10,12
"526",12,9,4,1,10,8,4,10,13,17,9,8,8,6,9
"527",16,7,7,29,0,8,5,7,14,6,11,6,10,9,6
"528",0,2,11,1,7,6,14,6,2,7,10,7,7,8,17
"529",12,1,1,42,1,9,7,9,11,7,7,11,7,12,11
"530",17,52,13,3,7,5,8,11,6,10,12,4,10,9,10
"531",0,16,3,6,7,12,21,8,19,12,12,6,9,7,11
"532",18,9,2,3,11,7,4,12,4,16,6,10,6,13,12
"533",10,15,12,1,6,12,12,7,5,9,10,6,9,6,4
"534",4,3,3,7,0,13,12,6,21,9,13,6,10,6,8
"535",19,2,7,7,7,12,6,5,8,6,8,9,12,14,6
"536",30,20,8,1,17,11,7,3,6,10,7,11,7,6,9
"537",3,18,10,0,34,6,9,8,8,7,7,10,13,5,9
"538",22,23,27,20,12,16,14,9,12,14,7,9,6,9,13
"539",12,2,3,6,4,8,16,4,5,12,14,17,9,9,11
"540",10,3,8,6,10,8,15,7,8,18,7,9,11,13,17
"541",13,13,19,25,36,11,9,4,14,2,12,11,11,12,10
"542",7,4,5,5,16,7,4,9,5,16,13,19,8,11,9
"543",4,19,0,3,2,8,9,8,5,14,16,14,7,10,13
"544",8,29,3,11,7,5,16,10,18,17,9,7,11,12,16
"545",3,21,6,3,17,8,17,9,7,12,4,8,11,12,9
"546",0,3,11,4,24,10,2,15,3,7,13,10,5,6,15
"547",9,13,1,1,2,12,13,9,11,7,10,5,11,12,10
"548",23,1,13,13,8,12,8,11,10,8,9,10,10,18,13
"549",0,8,4,7,17,2,15,5,13,9,13,15,11,5,10
"550",2,7,2,9,20,7,17,8,8,14,8,15,10,4,15
"551",0,3,6,22,16,7,9,13,11,9,11,4,15,14,14
"552",8,5,1,15,18,11,11,7,11,19,7,11,8,6,9
"553",4,6,1,20,20,18,13,5,9,4,9,8,5,8,10
"554",17,31,24,2,27,12,14,2,10,11,12,12,10,16,10
"555",0,9,10,42,1,8,8,5,8,12,11,11,15,9,9
"556",3,5,19,28,9,14,4,19,11,16,13,12,11,5,8
"557",2,12,5,6,21,11,13,17,21,6,4,12,11,6,12
"558",6,31,16,2,3,14,11,6,5,7,8,10,7,9,5
"559",1,3,24,18,8,14,16,11,7,17,9,13,3,8,8
"560",2,12,18,13,6,12,16,9,7,10,13,10,6,11,10
"561",0,12,1,13,11,9,6,6,14,17,14,6,13,10,12
"562",2,62,1,9,10,7,7,1,4,10,10,12,18,8,8
"563",5,4,6,23,15,7,13,18,6,5,7,12,8,8,7
"564",5,17,14,8,37,3,6,9,5,6,12,16,13,11,16
"565",5,4,3,1,27,25,11,15,6,7,10,15,9,10,12
"566",6,21,2,1,0,3,8,5,11,12,16,8,8,9,11
"567",8,13,16,2,3,9,14,12,5,13,11,7,2,11,14
"568",7,16,4,3,9,12,8,6,9,11,12,12,16,9,11
"569",20,4,17,15,5,13,7,9,6,9,7,6,12,6,5
"570",15,2,11,9,11,10,7,10,7,6,8,11,7,9,6
"571",1,18,1,11,10,11,5,10,9,15,9,9,11,8,8
"572",13,0,7,11,5,10,16,14,8,6,5,7,10,13,8
"573",2,1,0,16,30,15,13,10,8,14,20,8,11,10,14
"574",10,7,0,7,3,7,8,6,11,7,7,9,10,8,8
"575",5,24,10,10,5,9,12,12,19,13,8,9,8,14,10
"576",2,13,4,28,7,12,6,5,5,14,6,8,10,8,7
"577",15,31,19,15,1,6,17,12,15,19,11,15,12,4,15
"578",10,11,11,15,4,18,10,6,10,7,8,12,12,9,8
"579",30,10,3,2,1,8,9,5,5,21,8,18,10,15,12
"580",1,7,1,3,2,9,6,15,7,10,11,13,13,13,9
"581",2,28,29,21,16,5,16,7,8,3,9,10,10,14,14
"582",10,4,5,0,4,11,24,9,13,5,9,14,12,11,12
"583",0,8,7,6,14,7,8,6,8,13,11,11,13,9,17
"584",20,20,7,7,1,4,12,10,17,10,8,9,9,7,7
"585",33,1,7,4,6,12,5,10,3,7,12,9,10,12,18
"586",1,2,3,8,38,11,2,9,9,22,9,13,5,12,7
"587",25,6,6,3,4,7,16,11,14,13,8,18,14,6,8
"588",10,2,30,2,0,22,8,15,6,8,10,9,9,12,5
"589",17,17,10,24,12,11,3,5,10,7,7,10,10,8,16
"590",6,16,3,8,3,13,12,3,9,11,9,7,8,16,8
"591",24,30,1,26,6,3,8,6,5,11,5,4,13,7,7
"592",3,4,13,9,4,15,11,14,6,7,11,15,11,10,17
"593",1,1,14,8,11,18,14,17,9,12,8,8,8,10,13
"594",16,8,1,24,32,6,6,7,7,10,14,5,10,13,11
"595",5,7,14,2,4,8,7,12,14,8,5,12,13,3,9
"596",4,0,30,3,8,11,11,10,4,14,18,14,4,15,12
"597",9,33,19,14,4,7,7,7,13,11,8,11,5,10,9
"598",11,7,1,17,1,11,10,10,6,5,15,13,6,13,8
"599",22,14,20,0,21,19,10,8,17,5,5,7,10,15,12
"600",14,11,0,0,45,17,19,9,8,12,11,6,18,15,12
"601",4,0,10,2,12,4,12,10,8,8,7,11,10,7,9
"602",14,10,17,11,7,14,10,16,9,11,16,8,12,10,12
"603",0,22,9,2,21,11,12,12,16,6,7,12,9,16,12
"604",2,9,26,2,4,9,15,13,1,15,7,16,10,16,6
"605",1,20,1,1,27,19,6,12,18,11,13,12,13,10,7
"606",37,19,7,5,6,17,8,5,11,6,8,11,8,13,15
"607",12,21,6,5,4,7,13,7,12,4,10,10,7,9,9
"608",31,0,3,1,10,18,30,8,15,9,13,10,12,8,10
"609",26,27,16,8,1,14,7,13,14,12,8,13,10,8,6
"610",0,1,6,20,5,11,15,4,3,7,17,7,8,9,13
"611",4,0,20,0,17,26,8,11,11,8,12,6,11,15,11
"612",5,0,17,8,10,8,16,20,11,11,8,12,10,6,9
"613",6,9,2,5,25,9,14,8,18,7,16,20,8,12,6
"614",4,13,4,6,17,12,14,6,9,10,13,7,10,6,9
"615",26,6,39,8,1,10,6,14,11,8,11,10,12,8,12
"616",0,8,0,1,1,6,6,14,7,24,23,8,15,6,5
"617",0,7,2,0,0,7,7,8,8,13,8,12,10,15,4
"618",6,21,5,2,20,7,5,8,8,10,9,14,16,17,9
"619",11,14,7,6,5,7,9,13,10,4,11,11,12,9,7
"620",34,23,13,3,0,15,20,11,17,13,8,7,11,8,6
"621",5,3,15,1,29,10,11,9,7,24,6,8,17,13,12
"622",11,2,7,3,0,6,7,12,9,13,5,6,9,9,10
"623",1,9,25,9,1,8,13,13,4,5,9,8,13,5,14
"624",22,2,16,4,10,9,12,7,12,10,4,11,5,12,12
"625",2,3,24,5,10,5,15,3,3,11,10,12,9,9,10
"626",19,2,1,23,12,8,11,7,14,10,15,8,6,9,11
"627",20,9,22,7,28,2,12,11,22,16,7,10,8,11,14
"628",2,8,29,21,18,3,13,19,9,12,11,7,12,9,14
"629",11,14,16,12,8,6,5,10,8,3,9,12,9,15,9
"630",25,8,25,17,16,15,2,7,17,18,6,16,8,14,14
"631",4,8,1,33,1,19,6,7,8,14,8,14,5,6,9
"632",2,11,15,11,2,8,7,18,6,13,4,10,3,13,9
"633",0,5,16,9,3,10,7,6,16,15,6,11,13,9,14
"634",12,1,3,4,18,1,8,8,10,23,8,7,12,3,9
"635",17,4,29,17,2,6,7,8,7,9,13,5,12,8,12
"636",6,3,1,0,16,18,11,6,5,10,15,6,9,13,15
"637",3,17,5,8,4,9,18,9,5,8,8,8,7,8,9
"638",3,0,13,3,34,13,9,10,11,23,11,6,15,13,14
"639",6,2,23,8,11,5,16,9,9,3,8,10,13,13,14
"640",18,3,9,0,7,12,13,7,14,3,8,7,10,10,10
"641",4,13,13,2,30,11,20,14,8,7,7,7,9,6,16
"642",1,14,8,7,8,7,5,17,13,13,9,8,7,16,15
"643",0,9,0,22,35,7,11,15,6,6,12,10,5,10,14
"644",4,0,40,0,4,11,8,7,2,18,9,13,10,8,10
"645",7,2,8,2,32,17,5,14,7,4,9,14,10,14,6
"646",3,0,39,10,8,12,12,4,5,11,9,6,15,10,5
"647",1,7,11,18,6,6,12,10,2,12,7,10,11,9,11
"648",1,0,5,5,9,7,8,14,14,7,10,17,12,11,6
"649",3,9,4,36,10,5,10,11,15,4,13,8,12,11,6
"650",9,7,4,15,3,15,8,10,6,9,11,7,12,12,9
"651",1,12,9,15,7,13,9,19,10,12,8,7,8,6,8
"652",6,10,11,2,18,9,7,14,11,7,7,6,12,8,9
"653",21,8,0,0,4,8,14,13,11,6,6,15,3,11,12
"654",4,4,15,7,5,9,14,11,13,12,14,11,12,3,6
"655",23,21,16,1,4,4,16,19,4,15,13,8,14,7,5
"656",17,16,24,8,2,7,15,11,11,6,10,8,17,14,9
"657",5,0,2,2,8,4,4,6,8,9,9,13,8,9,12
"658",14,0,1,7,3,7,15,10,14,4,12,15,10,8,8
"659",10,10,1,6,8,10,8,6,9,10,5,10,15,11,7
"660",12,37,6,1,4,11,4,14,13,11,7,14,9,12,9
"661",4,5,6,11,8,7,7,16,5,14,6,11,9,6,15
"662",12,2,4,5,9,9,14,4,8,8,8,6,9,11,10
"663",13,2,28,9,17,12,10,16,8,4,12,14,16,10,10
"664",2,4,7,17,10,6,10,20,3,8,10,13,14,14,6
"665",19,15,0,6,16,6,10,2,7,8,6,6,7,12,12
"666",21,5,19,28,11,6,23,8,15,9,13,11,6,8,11
"667",6,4,19,29,14,12,11,5,9,7,10,11,18,9,12
"668",4,17,2,5,1,6,11,6,13,7,6,6,5,7,8
"669",5,13,28,4,1,11,15,5,12,15,6,9,7,10,5
"670",0,3,3,10,2,10,10,10,14,9,5,15,10,10,8
"671",1,2,2,20,4,2,10,9,7,15,6,9,5,2,8
"672",23,5,5,29,22,17,9,7,12,7,9,10,10,4,11
"673",8,29,5,15,5,17,13,9,8,11,11,9,12,6,6
"674",13,23,23,6,3,16,6,19,18,11,9,16,18,6,9
"675",6,12,3,16,22,22,11,6,12,20,2,6,15,11,14
"676",4,5,3,10,3,3,10,19,10,9,15,11,9,5,10
"677",2,4,19,19,4,8,12,7,11,1,14,12,17,8,14
"678",22,8,1,11,12,8,10,7,6,11,16,9,11,4,9
"679",3,1,9,15,5,10,6,8,20,7,16,10,15,10,10
"680",5,0,16,8,5,7,13,13,10,11,4,11,10,8,12
"681",8,19,15,1,5,12,8,11,1,22,8,13,11,8,14
"682",10,6,7,8,3,14,10,15,2,7,8,6,7,9,11
"683",6,13,10,3,23,0,9,10,13,6,12,13,9,8,2
"684",11,11,18,15,21,6,16,7,4,5,9,12,11,10,9
"685",9,0,6,4,2,8,5,5,5,16,10,12,5,7,11
"686",1,31,9,5,11,17,9,16,7,2,15,10,14,14,8
"687",16,11,23,30,3,6,6,23,12,9,1,9,7,11,5
"688",9,6,5,1,24,6,12,7,4,17,5,11,9,11,11
"689",7,25,0,2,19,8,4,3,6,10,11,9,13,8,11
"690",5,13,13,2,18,16,8,18,7,10,15,11,16,13,9
"691",5,7,16,9,4,13,9,5,11,5,9,12,17,9,7
"692",11,12,33,20,3,13,12,13,6,9,9,14,5,6,6
"693",5,1,0,8,4,7,12,5,7,13,8,3,5,12,15
"694",21,3,16,6,2,12,9,11,12,9,13,10,15,9,3
"695",15,16,0,13,11,6,3,14,12,18,10,7,7,10,8
"696",8,38,0,1,19,20,12,24,10,12,12,9,11,10,12
"697",16,6,6,3,4,5,5,7,9,7,9,6,7,13,7
"698",1,10,0,23,19,10,11,11,5,8,9,9,9,8,12
"699",2,5,39,14,16,12,6,23,16,8,6,10,16,9,6
"700",9,7,18,6,10,3,11,13,10,3,19,10,21,12,7
"701",4,5,39,5,2,8,7,1,5,4,5,11,7,11,7
"702",32,8,1,7,5,10,14,20,9,16,9,7,12,12,12
"703",31,0,5,11,1,7,15,10,10,6,11,5,16,9,18
"704",11,22,2,4,3,5,11,15,10,20,4,16,12,12,9
"705",33,11,12,3,2,10,6,8,18,19,10,8,4,10,10
"706",24,22,0,6,10,9,9,16,11,13,10,11,17,10,10
"707",14,0,6,0,26,9,7,15,8,13,12,8,10,15,10
"708",2,4,1,10,1,14,6,4,9,10,11,11,10,5,9
"709",2,11,18,21,21,6,9,13,10,14,9,9,10,14,11
"710",3,1,2,32,4,6,20,8,11,15,9,13,14,7,9
"711",16,2,9,27,23,9,10,6,7,12,10,12,13,12,12
"712",11,7,4,4,3,13,8,13,12,8,11,11,7,13,7
"713",14,5,5,8,17,11,6,8,15,4,7,11,14,4,14
"714",3,18,6,1,6,13,8,9,4,19,9,14,8,5,12
"715",32,8,25,25,3,5,16,5,11,3,7,9,8,10,13
"716",9,1,0,18,6,7,9,12,9,7,10,9,12,12,16
"717",29,18,6,23,5,6,8,10,16,17,8,8,6,9,11
"718",0,11,24,24,15,10,12,12,14,14,11,14,7,4,7
"719",24,21,5,38,4,14,15,10,8,11,4,11,7,8,11
"720",23,12,3,10,1,9,7,3,11,6,9,10,12,20,13
"721",18,19,24,13,5,5,8,14,5,10,8,8,12,9,18
"722",10,12,3,2,20,6,10,8,14,6,12,8,11,8,11
"723",19,0,16,17,2,8,15,15,10,6,16,15,11,9,6
"724",5,14,13,2,11,15,17,3,11,15,10,10,5,15,6
"725",24,10,0,5,11,9,12,21,31,12,6,7,14,12,15
"726",2,9,8,3,10,8,14,4,3,12,8,11,11,16,5
"727",16,24,20,2,6,12,5,5,8,8,9,15,14,13,10
"728",5,5,1,1,9,10,1,6,9,8,16,8,5,8,8
"729",9,21,15,17,3,13,8,3,18,11,12,11,14,17,11
"730",1,10,0,1,0,11,9,27,14,9,8,12,8,7,8
"731",26,10,2,9,3,14,14,5,14,2,9,7,7,16,6
"732",1,8,9,7,4,8,9,13,16,7,12,11,5,10,10
"733",3,2,43,0,7,8,10,9,15,7,13,10,5,11,7
"734",7,41,10,1,13,6,9,12,13,14,9,6,20,14,6
"735",8,5,43,2,0,18,13,7,18,16,13,8,7,10,19
"736",4,5,21,3,4,16,14,3,10,6,9,6,11,3,13
"737",12,0,2,7,1,7,6,8,12,7,11,2,10,8,10
"738",3,10,4,3,2,12,4,14,16,10,8,12,10,12,9
"739",5,11,0,5,5,5,16,7,7,10,12,8,7,15,15
"740",11,16,0,1,2,6,8,9,11,15,12,6,6,7,11
"741",41,1,4,4,18,18,13,3,6,5,23,8,10,8,8
"742",27,3,9,0,1,10,7,9,14,15,5,8,14,12,9
"743",29,3,1,37,7,9,2,3,3,13,8,10,7,8,8
"744",11,0,9,7,2,4,8,8,8,11,8,10,12,7,17
"745",1,28,1,3,5,7,14,18,7,14,14,12,5,13,17
"746",4,2,16,5,8,10,8,10,12,12,8,15,9,9,11
"747",18,4,16,9,8,11,8,6,12,13,11,6,4,14,10
"748",4,6,12,0,18,15,5,9,5,16,11,17,9,7,6
"749",2,5,17,12,1,7,5,27,10,8,11,13,16,5,10
"750",35,5,7,3,6,10,7,12,10,6,11,6,10,8,6
"751",37,2,6,11,11,7,14,12,12,6,5,14,7,6,20
"752",19,12,51,0,5,14,10,6,5,9,10,8,9,7,10
"753",2,1,5,2,7,6,11,9,4,12,8,3,20,14,13
"754",5,11,7,15,3,23,10,3,7,23,14,9,13,8,10
"755",8,2,16,12,3,8,14,11,4,8,10,12,12,15,8
"756",15,0,18,22,11,14,9,5,7,8,10,6,7,7,15
"757",13,43,10,4,3,10,10,2,15,10,8,9,11,11,10
"758",19,9,29,18,24,10,9,12,9,11,13,8,5,9,14
"759",6,4,2,17,6,9,4,12,20,21,12,6,13,10,14
"760",5,9,1,0,4,13,15,13,7,3,19,7,6,10,8
"761",2,18,0,3,20,4,4,12,12,11,9,14,4,3,6
"762",10,1,3,10,8,15,14,9,5,15,11,12,13,10,9
"763",0,3,39,1,2,3,7,6,8,10,12,11,11,8,11
"764",6,7,5,54,44,15,17,13,10,4,12,6,14,6,12
"765",9,2,5,1,25,11,8,10,2,7,9,9,12,9,17
"766",0,16,9,7,9,8,11,14,10,4,12,7,11,8,9
"767",0,3,2,0,26,9,8,10,5,6,5,10,7,5,8
"768",3,2,9,36,4,10,14,7,3,6,15,13,15,14,11
"769",32,0,3,12,12,9,6,16,7,7,6,16,11,13,11
"770",8,2,13,12,7,5,11,6,6,4,15,6,11,8,17
"771",33,22,4,7,20,1,11,10,6,11,11,11,12,8,6
"772",3,9,16,6,6,11,9,13,14,5,7,10,8,9,11
"773",18,0,7,16,10,14,15,14,15,12,12,17,13,11,12
"774",1,1,17,1,19,5,12,11,12,11,8,9,8,9,11
"775",2,4,32,1,44,6,6,16,8,9,10,12,9,7,6
"776",5,8,6,9,31,10,18,10,16,8,4,11,10,5,8
"777",3,29,1,16,4,15,13,7,10,6,6,13,12,10,7
"778",7,6,9,7,16,6,13,6,7,17,16,8,11,12,9
"779",2,4,2,10,12,9,6,18,18,5,7,10,10,6,8
"780",5,20,3,4,22,10,12,7,6,17,6,11,6,12,8
"781",8,17,18,4,28,14,13,5,17,13,12,10,9,15,5
"782",6,31,0,26,20,11,12,10,18,10,12,12,15,7,13
"783",0,0,2,5,4,9,6,11,20,9,8,12,8,8,7
"784",5,1,5,7,1,15,15,11,20,10,17,12,9,9,11
"785",4,1,17,6,2,14,6,7,11,19,14,11,10,8,12
"786",14,9,5,8,7,13,8,11,7,9,9,10,9,10,9
"787",3,8,1,19,2,9,8,12,11,6,14,11,12,7,10
"788",44,9,4,5,5,9,6,13,11,12,16,10,6,15,9
"789",3,13,0,13,5,8,14,5,11,5,13,11,14,9,16
"790",4,6,0,1,1,9,5,7,4,14,13,11,9,7,6
"791",31,3,28,9,7,2,14,11,15,3,15,11,10,10,13
"792",1,11,7,22,4,17,9,11,4,14,5,9,10,10,10
"793",7,18,18,10,13,11,12,7,17,21,5,14,13,7,6
"794",0,0,11,22,1,14,12,12,10,9,12,9,13,9,10
"795",0,14,4,2,5,10,3,15,8,13,7,10,6,8,5
"796",8,19,7,28,1,2,5,10,14,6,7,11,9,11,15
"797",44,6,23,7,13,13,6,11,8,6,5,8,12,15,11
"798",11,11,0,6,4,5,11,16,10,13,5,10,10,4,11
"799",0,16,6,10,4,7,5,7,15,14,14,9,7,11,7
"800",10,12,8,21,18,11,14,6,13,9,11,10,16,12,11
"801",4,17,39,2,11,18,10,4,18,4,13,9,10,18,5
"802",31,11,2,2,42,1,17,9,17,10,11,9,9,15,16
"803",23,24,3,8,0,9,8,4,10,14,5,12,10,10,17
"804",6,14,1,23,8,13,12,10,3,6,11,18,13,5,11
"805",3,22,5,2,0,10,13,5,12,8,7,11,6,12,10
"806",40,12,4,14,14,10,7,5,6,13,9,6,5,10,6
"807",0,1,2,17,7,11,7,13,8,6,12,14,12,11,8
"808",59,14,2,4,13,12,11,15,7,15,14,10,11,3,13
"809",6,21,7,4,10,16,2,6,7,7,3,15,6,16,13
"810",3,13,12,6,3,5,4,8,11,8,8,8,9,8,11
"811",6,10,16,16,15,10,7,19,6,8,15,12,7,8,5
"812",16,11,7,5,11,5,5,7,10,6,11,13,4,7,14
"813",17,3,5,2,2,19,6,12,9,15,14,9,16,8,14
"814",4,26,11,6,2,19,17,10,7,17,13,10,8,9,7
"815",7,1,2,24,19,14,8,4,14,8,9,12,7,12,11
"816",4,14,5,8,26,8,11,12,7,5,12,4,14,13,14
"817",8,1,8,1,2,7,9,4,13,12,7,6,7,5,8
"818",20,2,32,0,33,7,9,9,12,19,12,10,10,14,12
"819",0,25,6,6,6,0,17,17,15,8,9,4,16,11,13
"820",7,7,0,22,5,18,14,8,10,5,13,8,11,14,13
"821",0,29,11,1,5,13,12,13,18,14,16,12,10,12,4
"822",2,13,11,15,7,14,7,9,14,11,12,9,9,9,12
"823",0,3,6,5,18,12,7,7,11,10,6,13,8,11,13
"824",9,4,1,6,5,12,13,7,6,7,8,9,10,9,8
"825",31,5,23,0,9,11,5,9,7,7,7,12,6,8,7
"826",25,0,3,7,4,4,17,10,11,7,15,11,12,10,11
"827",14,6,1,50,5,11,6,12,12,8,14,3,14,14,7
"828",3,4,3,0,4,9,8,4,7,11,12,10,7,5,8
"829",4,44,43,26,10,12,13,10,4,17,10,11,11,5,12
"830",0,9,7,15,0,12,19,16,12,7,9,9,8,11,18
"831",3,23,5,17,6,10,10,9,15,9,10,12,6,11,4
"832",47,9,1,11,9,13,12,7,8,13,10,4,13,12,10
"833",2,27,0,4,20,10,7,8,13,5,8,7,13,11,12
"834",8,0,9,0,28,6,4,12,12,6,14,17,4,13,11
"835",23,1,6,13,1,7,17,3,13,16,7,7,9,15,8
"836",19,7,15,12,8,5,9,5,10,11,7,8,13,12,7
"837",34,11,11,9,4,8,6,13,6,7,12,13,9,7,9
"838",15,1,1,7,20,5,4,14,16,11,9,11,15,12,9
"839",36,8,2,9,3,15,15,16,10,10,14,10,14,9,11
"840",16,18,22,7,59,5,10,9,22,14,13,8,9,4,8
"841",3,16,44,7,4,8,10,12,5,12,9,11,14,12,9
"842",26,1,0,9,1,8,4,6,5,15,7,7,4,7,7
"843",5,0,4,14,18,16,5,13,6,5,7,14,8,8,11
"844",21,3,18,2,6,10,8,14,4,27,8,9,15,5,11
"845",25,4,0,10,14,4,11,13,7,8,6,3,13,7,6
"846",29,37,16,10,69,11,12,6,12,12,13,15,3,6,15
"847",17,9,27,0,6,12,11,8,7,4,5,11,4,8,11
"848",32,8,6,15,5,11,3,5,17,6,9,10,4,12,11
"849",2,1,2,14,0,10,10,4,10,9,8,6,9,7,9
"850",0,8,0,6,27,7,10,8,10,5,16,6,10,15,11
"851",0,0,9,11,14,6,8,11,18,10,7,9,10,11,9
"852",5,8,2,12,17,14,20,14,6,11,6,11,10,8,12
"853",16,5,26,1,27,14,8,5,7,7,11,11,11,12,12
"854",2,1,20,15,2,17,15,8,8,18,14,11,9,7,13
"855",2,12,17,1,1,14,15,7,7,9,15,5,8,9,10
"856",8,6,6,7,14,8,21,13,22,8,13,9,6,9,21
"857",13,12,6,8,4,11,4,15,5,8,7,8,8,7,10
"858",9,0,30,2,6,10,6,11,14,7,7,9,7,17,12
"859",35,10,21,19,24,13,8,3,16,7,15,16,7,7,5
"860",7,29,10,8,13,5,11,10,16,8,14,9,12,15,8
"861",9,4,13,3,18,12,13,24,12,10,11,20,7,12,8
"862",2,5,8,16,21,7,7,24,4,18,11,14,7,19,6
"863",0,21,4,1,4,10,10,7,3,3,11,17,12,13,8
"864",6,3,6,12,6,16,9,6,5,12,12,7,15,7,9
"865",15,6,10,18,9,17,16,9,7,9,11,8,11,5,9
"866",29,1,10,9,11,22,6,11,10,12,11,11,15,8,14
"867",3,26,2,28,16,10,8,5,6,7,6,10,11,8,15
"868",0,2,17,12,2,15,4,5,4,5,9,12,10,10,7
"869",25,48,1,4,12,5,12,6,12,5,10,7,7,9,17
"870",10,27,30,0,13,7,15,11,9,7,12,10,3,5,13
"871",0,42,14,8,0,11,10,8,12,9,11,10,17,10,8
"872",4,8,14,1,3,6,13,7,7,18,8,8,13,7,10
"873",18,7,0,2,55,12,5,14,16,11,17,7,7,11,9
"874",45,23,9,5,9,8,12,8,12,8,12,4,8,8,19
"875",2,1,11,11,38,11,14,5,12,15,13,14,5,18,10
"876",12,0,5,0,20,21,8,20,9,6,7,11,10,12,3
"877",18,14,4,14,12,18,12,6,19,9,8,15,7,11,4
"878",3,27,12,0,14,5,14,8,18,8,12,11,9,8,11
"879",0,22,1,6,10,5,10,13,11,8,6,12,11,12,8
"880",5,4,10,2,29,6,13,15,8,15,9,7,17,10,11
"881",0,13,9,18,6,7,20,10,9,11,9,11,12,7,9
"882",27,0,0,11,4,8,7,5,16,12,12,12,8,7,6
"883",16,39,7,8,2,13,6,10,6,8,4,7,9,14,6
"884",1,10,6,2,5,16,13,13,8,6,11,10,15,9,9
"885",13,42,8,11,5,6,14,5,15,10,14,12,8,11,11
"886",10,1,15,2,6,7,15,7,11,13,7,11,8,14,17
"887",3,17,9,17,41,16,3,7,7,20,6,11,14,9,9
"888",4,10,4,7,9,6,16,9,9,17,5,13,10,6,11
"889",2,17,32,3,0,6,13,6,16,12,9,7,12,9,15
"890",4,1,11,18,0,9,5,8,2,13,12,9,7,9,7
"891",3,3,4,20,2,16,5,11,13,14,9,14,14,13,13
"892",12,3,12,7,3,0,8,7,6,11,14,8,9,10,12
"893",47,6,0,6,25,22,9,6,15,13,10,12,8,10,9
"894",0,2,2,0,2,11,14,16,10,6,7,13,7,12,11
"895",1,7,15,8,19,4,7,8,7,5,10,11,11,13,10
"896",8,22,4,2,1,4,8,10,5,17,10,10,12,10,11
"897",5,4,4,17,19,3,13,4,6,13,7,13,13,16,8
"898",12,34,0,15,3,4,13,15,11,14,11,7,6,11,7
"899",11,4,19,3,1,5,8,3,8,7,8,7,7,15,11
"900",11,3,7,0,0,5,5,4,6,14,13,9,9,8,14
"901",10,2,2,3,14,21,12,5,9,11,9,11,9,5,19
"902",14,48,0,29,3,9,11,12,16,6,11,12,13,9,16
"903",1,5,5,12,24,11,15,13,12,13,16,8,7,13,7
"904",26,0,0,17,0,8,3,8,12,7,10,10,8,9,17
"905",9,7,0,0,6,7,8,6,7,13,14,9,10,17,12
"906",4,6,0,0,4,11,5,12,22,9,9,14,15,10,7
"907",16,2,1,18,5,15,10,11,6,3,11,12,9,14,9
"908",2,11,1,24,6,8,8,9,8,7,15,5,8,13,6
"909",4,3,6,24,11,17,26,6,4,7,10,9,12,13,14
"910",5,19,9,9,38,21,12,9,4,6,9,9,10,10,12
"911",64,11,13,3,13,16,10,12,11,19,8,9,9,17,15
"912",24,18,12,2,2,10,13,11,8,12,10,7,6,7,7
"913",5,4,13,70,41,12,8,12,4,8,18,7,11,7,8
"914",5,4,16,2,2,9,6,13,25,8,18,10,12,5,11
"915",5,2,1,1,5,5,7,9,14,12,12,9,12,5,10
"916",19,9,19,3,5,11,17,7,8,3,8,10,8,13,7
"917",3,1,19,0,0,6,4,6,7,10,10,16,6,10,10
"918",16,0,5,4,4,5,11,21,8,7,8,10,14,6,8
"919",9,6,11,10,6,3,14,7,11,6,8,18,15,20,15
"920",3,19,12,3,4,18,15,13,11,6,10,8,7,13,12
"921",11,48,4,10,6,19,9,7,14,18,7,7,7,10,6
"922",2,14,0,5,2,8,8,11,7,9,9,12,12,8,10
"923",0,4,3,6,3,5,4,12,17,8,6,7,9,9,9
"924",6,13,0,3,9,12,4,7,9,7,14,12,9,11,12
"925",12,12,11,8,5,4,2,5,15,3,16,12,18,12,12
"926",7,13,13,10,10,8,9,7,8,12,9,15,11,12,13
"927",18,10,14,8,3,8,9,10,17,13,8,12,10,9,9
"928",14,5,26,2,3,10,14,6,12,14,14,9,11,15,14
"929",0,5,4,5,8,7,8,9,11,15,7,6,5,9,9
"930",8,5,2,7,5,14,21,12,5,12,9,5,9,14,3
"931",32,16,18,30,18,17,6,8,4,7,9,3,11,10,11
"932",0,0,9,10,3,1,9,4,11,15,10,9,9,16,7
"933",12,2,0,6,0,8,12,6,11,19,8,9,6,13,8
"934",21,26,1,11,2,10,6,7,7,8,9,15,9,13,9
"935",8,3,11,3,1,19,9,11,11,17,14,10,11,7,8
"936",22,9,14,1,6,17,10,11,12,16,4,16,9,4,9
"937",0,13,13,28,1,13,18,29,11,16,7,9,7,13,8
"938",5,6,7,23,9,8,12,8,7,8,9,9,11,10,7
"939",2,14,35,51,0,8,7,16,6,7,14,11,8,5,7
"940",10,21,30,16,2,4,9,5,12,16,13,6,6,11,9
"941",36,4,26,3,6,8,7,8,5,7,12,11,10,11,12
"942",16,27,31,6,4,4,6,12,8,14,9,11,7,7,13
"943",9,2,30,2,1,10,13,8,3,10,8,17,10,9,13
"944",30,4,10,4,30,11,12,14,11,10,6,11,13,7,9
"945",6,4,4,5,23,7,11,16,17,5,9,7,22,12,10
"946",3,21,1,18,1,9,8,11,6,9,7,10,9,10,8
"947",2,25,7,20,21,9,17,10,9,10,10,8,13,11,14
"948",8,12,0,5,9,16,4,3,10,8,10,5,7,5,11
"949",6,1,9,2,4,1,12,10,12,12,7,12,7,13,6
"950",4,7,33,8,16,15,3,5,17,14,11,10,12,15,10
"951",2,7,16,6,10,10,13,6,6,6,12,13,7,8,15
"952",14,6,4,9,27,14,8,7,9,23,9,8,11,9,13
"953",10,7,35,17,2,18,3,13,8,7,11,8,11,8,6
"954",5,31,1,14,7,3,7,21,8,15,10,7,12,11,8
"955",3,0,24,9,24,11,6,5,12,5,11,6,6,15,14
"956",20,9,4,17,3,19,3,7,15,3,13,19,5,6,8
"957",13,3,19,9,3,9,10,16,4,12,12,10,10,13,13
"958",9,10,13,4,6,11,8,3,6,9,7,7,14,6,12
"959",6,12,2,0,49,7,12,9,6,12,18,6,3,9,16
"960",8,5,16,4,0,13,22,4,16,12,10,7,9,12,12
"961",1,6,37,2,6,15,7,10,8,5,10,3,11,8,9
"962",0,0,24,7,15,19,1,23,13,14,8,10,11,5,11
"963",1,1,2,17,15,17,13,6,6,14,15,11,7,10,9
"964",32,5,2,10,13,8,19,9,27,9,10,13,14,11,12
"965",24,1,3,15,10,8,15,9,16,13,13,20,4,13,13
"966",1,10,19,8,9,9,9,16,10,11,17,9,6,12,7
"967",11,8,2,0,0,2,11,22,11,3,8,1,6,11,17
"968",3,13,4,10,2,14,10,12,13,3,8,11,9,5,11
"969",7,22,7,3,8,3,12,10,16,9,5,15,10,9,9
"970",7,13,8,8,9,9,8,11,9,7,15,11,7,8,6
"971",4,10,17,8,9,6,11,18,7,15,8,10,7,9,4
"972",18,2,1,8,0,10,22,8,5,3,6,9,11,10,14
"973",4,0,16,15,1,12,13,9,13,9,7,12,22,10,10
"974",6,28,24,3,7,26,12,6,12,9,10,13,10,10,10
"975",8,17,4,33,0,14,12,19,9,11,9,9,11,9,10
"976",3,7,7,4,7,9,5,8,6,29,10,11,9,12,5
"977",8,5,1,10,9,16,16,24,10,10,9,15,10,13,10
"978",12,16,9,6,30,11,8,12,9,10,11,16,10,9,12
"979",9,4,5,2,11,10,17,13,11,5,12,11,6,8,8
"980",1,9,41,7,14,11,7,17,18,22,11,12,14,8,10
"981",1,5,6,14,2,4,6,12,5,14,11,6,11,12,8
"982",21,10,63,25,7,6,11,13,8,8,13,14,10,11,16
"983",0,1,17,5,3,12,23,17,9,9,12,6,18,8,7
"984",8,3,4,6,5,9,10,5,5,7,12,15,13,5,19
"985",0,25,5,6,6,12,17,11,12,12,8,9,12,9,7
"986",14,37,27,9,1,8,9,12,14,21,13,7,9,8,6
"987",3,8,4,0,15,18,20,4,13,8,5,13,6,13,13
"988",7,3,1,4,2,13,9,7,8,4,14,21,8,6,11
"989",10,0,38,6,21,7,10,12,8,5,16,10,12,7,9
"990",28,10,33,10,10,20,8,7,10,10,9,16,9,11,18
"991",11,12,4,5,5,13,23,8,9,11,17,16,7,8,10
"992",3,2,3,21,0,6,9,13,6,17,12,11,12,14,10
"993",21,18,3,7,14,10,4,7,14,17,7,8,11,14,7
"994",11,1,7,3,16,2,9,10,5,18,12,8,6,12,18
"995",4,17,14,11,15,16,14,6,11,13,4,19,13,7,18
"996",0,5,7,14,10,4,11,14,6,9,13,10,12,12,9
"997",4,5,2,35,0,6,18,8,6,13,6,6,9,12,10
"998",1,41,10,32,5,13,10,10,9,8,7,7,16,10,7
"999",1,30,5,0,6,16,8,12,13,7,17,14,7,8,11
"1000",4,6,20,2,6,7,13,20,9,11,16,10,8,13,4
"1001",2,10,8,11,4,4,11,13,13,11,8,6,13,6,7
"1002",6,4,1,6,41,8,9,5,3,11,5,12,18,8,19
