originnum,destnum,origin,destination,cluster,logprob,originlon,originlat,destlon,destlat
1,25,ABQ,DEN,4,0.9999580049876007,-106.608925,35.039976,-104.672996521,39.861698150635
2,25,ALB,DEN,5,0.3610201424320551,-73.80169677734375,42.74829864501953,-104.672996521,39.861698150635
2,52,ALB,MCO,3,0.9999999999999997,-73.80169677734375,42.74829864501953,-81.30899810791016,28.429399490356445
2,78,ALB,RSW,3,0.9999999999701573,-73.80169677734375,42.74829864501953,-81.75520324707031,26.53619956970215
2,92,ALB,SYR,4,0.9279464235614203,-73.80169677734375,42.74829864501953,-76.1063003540039,43.11119842529297
3,25,ATL,DEN,5,1.0,-84.428101,33.6367,-104.672996521,39.861698150635
3,30,ATL,EWR,4,1.0,-84.428101,33.6367,-74.168701,40.692501
3,45,ATL,ISP,4,1.0,-84.428101,33.6367,-73.10019684,40.79520035
3,47,ATL,LAS,5,1.0,-84.428101,33.6367,-115.151817,36.083361
3,48,ATL,LAX,3,0.9999999999995604,-84.428101,33.6367,-118.407997,33.942501
3,49,ATL,LGA,4,1.0,-84.428101,33.6367,-73.872597,40.777199
3,52,ATL,MCO,4,1.0,-84.428101,33.6367,-81.30899810791016,28.429399490356445
3,55,ATL,MIA,4,1.0,-84.428101,33.6367,-80.29060363769531,25.79319953918457
3,69,ATL,PHL,4,1.0,-84.428101,33.6367,-75.241096,39.871899
3,76,ATL,RDU,1,0.9999999919828523,-84.428101,33.6367,-78.787498,35.877602
3,84,ATL,SFO,3,1.0,-84.428101,33.6367,-122.374821,37.619806
3,86,ATL,SJU,4,1.0,-84.428101,33.6367,-66.001801,18.4394
3,87,ATL,SLC,3,0.9999999999999982,-84.428101,33.6367,-111.979866,40.78886
3,93,ATL,TPA,4,0.9999999999996523,-84.428101,33.6367,-82.533203,27.9755
3,94,ATL,TTN,4,1.0,-84.428101,33.6367,-74.813499,40.276699
4,25,AUS,DEN,4,1.0,-97.662015,30.197535,-104.672996521,39.861698150635
4,41,AUS,IAD,4,1.0,-97.662015,30.197535,-77.455803,38.9445
4,47,AUS,LAS,1,0.9999999999999634,-97.662015,30.197535,-115.151817,36.083361
4,52,AUS,MCO,4,1.0,-97.662015,30.197535,-81.30899810791016,28.429399490356445
4,60,AUS,MSY,4,1.0,-97.662015,30.197535,-90.258003,29.993401
4,64,AUS,ONT,5,0.9932715692792153,-97.662015,30.197535,-117.600998,34.056
4,79,AUS,SAN,5,0.9999976682719017,-97.662015,30.197535,-117.190002441,32.7336006165
4,84,AUS,SFO,5,0.9999999999508855,-97.662015,30.197535,-122.374821,37.619806
4,87,AUS,SLC,5,0.9999999995663333,-97.662015,30.197535,-111.979866,40.78886
5,13,BDL,BTV,4,0.9146274825887902,-72.688066,41.93851,-73.153297,44.471901
5,25,BDL,DEN,5,0.5290290008631946,-72.688066,41.93851,-104.672996521,39.861698150635
5,52,BDL,MCO,3,0.9999999999999932,-72.688066,41.93851,-81.30899810791016,28.429399490356445
5,55,BDL,MIA,3,0.9999993891705041,-72.688066,41.93851,-80.29060363769531,25.79319953918457
6,25,BFM,DEN,5,0.9999998502429541,-88.06809997559999,30.626800537100003,-104.672996521,39.861698150635
6,52,BFM,MCO,1,0.6732172449006635,-88.06809997559999,30.626800537100003,-81.30899810791016,28.429399490356445
7,16,BIL,BZN,3,0.4106668197053892,-108.542999,45.807701,-111.153,45.7775
7,25,BIL,DEN,4,0.9999999515452915,-108.542999,45.807701,-104.672996521,39.861698150635
8,25,BIS,DEN,4,0.86217996411968,-100.74600219726562,46.772701263427734,-104.672996521,39.861698150635
9,25,BKG,DEN,1,0.9613684660915472,-93.1991,36.5385,-104.672996521,39.861698150635
10,25,BMI,DEN,4,0.9999700454304024,-88.915901,40.4771,-104.672996521,39.861698150635
10,52,BMI,MCO,4,0.999999999999991,-88.915901,40.4771,-81.30899810791016,28.429399490356445
11,25,BNA,DEN,5,0.9999999999945338,-86.6782,36.1245,-104.672996521,39.861698150635
11,47,BNA,LAS,3,0.999999986895052,-86.6782,36.1245,-115.151817,36.083361
11,52,BNA,MCO,4,1.0,-86.6782,36.1245,-81.30899810791016,28.429399490356445
11,65,BNA,ORD,4,0.44897968743692,-86.6782,36.1245,-87.9048,41.9786
11,69,BNA,PHL,4,1.0,-86.6782,36.1245,-75.241096,39.871899
12,52,BOS,MCO,5,1.0,-71.0079,42.36197,-81.30899810791016,28.429399490356445
12,55,BOS,MIA,5,0.9999999999994461,-71.0079,42.36197,-80.29060363769531,25.79319953918457
12,76,BOS,RDU,3,0.9988198372257173,-71.0079,42.36197,-78.787498,35.877602
13,25,BTV,DEN,3,0.8344481668973656,-73.153297,44.471901,-104.672996521,39.861698150635
13,52,BTV,MCO,3,0.9999999995222817,-73.153297,44.471901,-81.30899810791016,28.429399490356445
14,25,BUF,DEN,4,0.9999980242592466,-78.732201,42.940498,-104.672996521,39.861698150635
14,52,BUF,MCO,4,1.0,-78.732201,42.940498,-81.30899810791016,28.429399490356445
14,78,BUF,RSW,4,1.0,-78.732201,42.940498,-81.75520324707031,26.53619956970215
14,93,BUF,TPA,4,1.0,-78.732201,42.940498,-82.533203,27.9755
15,25,BWI,DEN,5,0.9999999999999417,-76.668297,39.1754,-104.672996521,39.861698150635
15,52,BWI,MCO,1,0.9999999999999984,-76.668297,39.1754,-81.30899810791016,28.429399490356445
15,55,BWI,MIA,1,0.6598705049113642,-76.668297,39.1754,-80.29060363769531,25.79319953918457
16,7,BZN,BIL,1,0.12695700456882839,-111.153,45.7775,-108.542999,45.807701
16,25,BZN,DEN,4,1.0,-111.153,45.7775,-104.672996521,39.861698150635
17,69,CHS,PHL,1,0.6747428000996868,-80.040497,32.898602,-75.241096,39.871899
18,25,CID,DEN,1,0.9999999998342375,-91.7108,41.884701,-104.672996521,39.861698150635
18,34,CID,FSD,3,0.22494477362462048,-91.7108,41.884701,-96.741152,43.585463
19,25,CLE,DEN,1,0.9999999999999767,-81.8498,41.411701,-104.672996521,39.861698150635
19,33,CLE,FLL,1,0.9999999990013421,-81.8498,41.411701,-80.152702,26.072599
19,47,CLE,LAS,5,1.0,-81.8498,41.411701,-115.151817,36.083361
19,52,CLE,MCO,4,1.0,-81.8498,41.411701,-81.30899810791016,28.429399490356445
19,55,CLE,MIA,4,1.0,-81.8498,41.411701,-80.29060363769531,25.79319953918457
19,67,CLE,PBI,1,1.0,-81.8498,41.411701,-80.095596,26.683201
19,70,CLE,PHX,3,1.0,-81.8498,41.411701,-112.005905,33.435302
19,78,CLE,RSW,4,1.0,-81.8498,41.411701,-81.75520324707031,26.53619956970215
19,90,CLE,SRQ,1,0.9999999999177616,-81.8498,41.411701,-82.554359,27.394631
19,93,CLE,TPA,4,1.0,-81.8498,41.411701,-82.533203,27.9755
20,25,CLT,DEN,3,1.0,-80.94309997558594,35.2140007019043,-104.672996521,39.861698150635
20,47,CLT,LAS,3,1.0,-80.94309997558594,35.2140007019043,-115.151817,36.083361
20,52,CLT,MCO,1,0.9999999999998204,-80.94309997558594,35.2140007019043,-81.30899810791016,28.429399490356445
20,69,CLT,PHL,4,1.0,-80.94309997558594,35.2140007019043,-75.241096,39.871899
20,94,CLT,TTN,4,0.9999999999996082,-80.94309997558594,35.2140007019043,-74.813499,40.276699
21,23,CMH,CVG,4,0.8872934115294769,-82.891899,39.998001,-84.667801,39.048801
21,25,CMH,DEN,1,0.9999999999999867,-82.891899,39.998001,-104.672996521,39.861698150635
21,52,CMH,MCO,4,0.9999999998747093,-82.891899,39.998001,-81.30899810791016,28.429399490356445
22,47,COS,LAS,5,1.0,-104.700996,38.805801,-115.151817,36.083361
22,52,COS,MCO,4,1.0,-104.700996,38.805801,-81.30899810791016,28.429399490356445
22,70,COS,PHX,1,0.9999999999999989,-104.700996,38.805801,-112.005905,33.435302
23,25,CVG,DEN,5,0.9999999992758035,-84.667801,39.048801,-104.672996521,39.861698150635
23,33,CVG,FLL,1,0.9999999999999512,-84.667801,39.048801,-80.152702,26.072599
23,47,CVG,LAS,5,1.0,-84.667801,39.048801,-115.151817,36.083361
23,52,CVG,MCO,4,1.0,-84.667801,39.048801,-81.30899810791016,28.429399490356445
23,55,CVG,MIA,4,1.0,-84.667801,39.048801,-80.29060363769531,25.79319953918457
23,60,CVG,MSY,5,0.9991837075776143,-84.667801,39.048801,-90.258003,29.993401
23,70,CVG,PHX,3,0.9999988259257758,-84.667801,39.048801,-112.005905,33.435302
23,78,CVG,RSW,4,1.0,-84.667801,39.048801,-81.75520324707031,26.53619956970215
23,90,CVG,SRQ,1,0.9999999998953546,-84.667801,39.048801,-82.554359,27.394631
23,93,CVG,TPA,4,1.0,-84.667801,39.048801,-82.533203,27.9755
24,25,DCA,DEN,5,1.0,-77.037697,38.8521,-104.672996521,39.861698150635
25,1,DEN,ABQ,4,0.9999966707320526,-104.672996521,39.861698150635,-106.608925,35.039976
25,2,DEN,ALB,5,0.4662701197289515,-104.672996521,39.861698150635,-73.80169677734375,42.74829864501953
25,3,DEN,ATL,4,1.0,-104.672996521,39.861698150635,-84.428101,33.6367
25,4,DEN,AUS,4,1.0,-104.672996521,39.861698150635,-97.662015,30.197535
25,5,DEN,BDL,5,0.2774246912337897,-104.672996521,39.861698150635,-72.688066,41.93851
25,6,DEN,BFM,4,1.0,-104.672996521,39.861698150635,-88.06809997559999,30.626800537100003
25,7,DEN,BIL,4,0.9999998608285595,-104.672996521,39.861698150635,-108.542999,45.807701
25,8,DEN,BIS,4,0.9166948507255258,-104.672996521,39.861698150635,-100.74600219726562,46.772701263427734
25,9,DEN,BKG,4,0.9998394194972211,-104.672996521,39.861698150635,-93.1991,36.5385
25,10,DEN,BMI,4,0.9998830503497225,-104.672996521,39.861698150635,-88.915901,40.4771
25,11,DEN,BNA,4,1.0,-104.672996521,39.861698150635,-86.6782,36.1245
25,13,DEN,BTV,1,0.8753749622806987,-104.672996521,39.861698150635,-73.153297,44.471901
25,14,DEN,BUF,4,0.9999999999997029,-104.672996521,39.861698150635,-78.732201,42.940498
25,15,DEN,BWI,4,1.0,-104.672996521,39.861698150635,-76.668297,39.1754
25,16,DEN,BZN,3,0.9999998906056595,-104.672996521,39.861698150635,-111.153,45.7775
25,18,DEN,CID,4,1.0,-104.672996521,39.861698150635,-91.7108,41.884701
25,19,DEN,CLE,4,1.0,-104.672996521,39.861698150635,-81.8498,41.411701
25,20,DEN,CLT,4,1.0,-104.672996521,39.861698150635,-80.94309997558594,35.2140007019043
25,21,DEN,CMH,4,1.0,-104.672996521,39.861698150635,-82.891899,39.998001
25,23,DEN,CVG,4,1.0,-104.672996521,39.861698150635,-84.667801,39.048801
25,24,DEN,DCA,4,1.0,-104.672996521,39.861698150635,-77.037697,38.8521
25,26,DEN,DFW,4,1.0,-104.672996521,39.861698150635,-97.038002,32.896801
25,27,DEN,DSM,4,1.0,-104.672996521,39.861698150635,-93.663101,41.534
25,28,DEN,DTW,1,0.9985584073162967,-104.672996521,39.861698150635,-83.353786,42.21377
25,29,DEN,ELP,4,0.9999989751931979,-104.672996521,39.861698150635,-106.377998,31.807199
25,31,DEN,FAR,1,0.999130939879132,-104.672996521,39.861698150635,-96.81580352783203,46.92070007324219
25,32,DEN,FAT,5,0.9999079207710427,-104.672996521,39.861698150635,-119.718002,36.776199
25,33,DEN,FLL,4,1.0,-104.672996521,39.861698150635,-80.152702,26.072599
25,34,DEN,FSD,1,0.9999999096074246,-104.672996521,39.861698150635,-96.741152,43.585463
25,35,DEN,GEG,1,0.9999840631699477,-104.672996521,39.861698150635,-117.533997,47.6199
25,36,DEN,GRB,1,0.5509799411063822,-104.672996521,39.861698150635,-88.130805,44.483459
25,37,DEN,GRR,4,0.9999999870346641,-104.672996521,39.861698150635,-85.52279663,42.88079834
25,38,DEN,GSP,4,1.0,-104.672996521,39.861698150635,-82.218903,34.895699
25,39,DEN,HRL,1,0.999999999991826,-104.672996521,39.861698150635,-97.65440368652344,26.228500366210938
25,42,DEN,IAH,4,1.0,-104.672996521,39.861698150635,-95.34140014648438,29.984399795532227
25,43,DEN,ICT,4,1.0,-104.672996521,39.861698150635,-97.433098,37.649899
25,44,DEN,IND,4,1.0,-104.672996521,39.861698150635,-86.294403,39.7173
25,47,DEN,LAS,1,1.0,-104.672996521,39.861698150635,-115.151817,36.083361
25,48,DEN,LAX,1,1.0,-104.672996521,39.861698150635,-118.407997,33.942501
25,50,DEN,LIT,4,1.0,-104.672996521,39.861698150635,-92.223728,34.729582
25,51,DEN,MCI,4,1.0,-104.672996521,39.861698150635,-94.713898,39.2976
25,52,DEN,MCO,4,1.0,-104.672996521,39.861698150635,-81.30899810791016,28.429399490356445
25,54,DEN,MEM,4,1.0,-104.672996521,39.861698150635,-89.9767,35.0424
25,55,DEN,MIA,4,1.0,-104.672996521,39.861698150635,-80.29060363769531,25.79319953918457
25,56,DEN,MKE,4,1.0,-104.672996521,39.861698150635,-87.896599,42.947201
25,57,DEN,MSN,4,1.0,-104.672996521,39.861698150635,-89.337502,43.1399
25,58,DEN,MSO,1,0.6426244249105707,-104.672996521,39.861698150635,-114.0910034,46.91630173
25,59,DEN,MSP,4,1.0,-104.672996521,39.861698150635,-93.221741,44.880081
25,60,DEN,MSY,4,1.0,-104.672996521,39.861698150635,-90.258003,29.993401
25,61,DEN,MYR,4,0.9999999956210891,-104.672996521,39.861698150635,-78.928299,33.679699
25,62,DEN,OKC,4,0.99999999984852,-104.672996521,39.861698150635,-97.598248,35.393388
25,63,DEN,OMA,4,1.0,-104.672996521,39.861698150635,-95.894096,41.3032
25,64,DEN,ONT,5,0.9999999999999998,-104.672996521,39.861698150635,-117.600998,34.056
25,65,DEN,ORD,4,1.0,-104.672996521,39.861698150635,-87.9048,41.9786
25,66,DEN,ORF,4,1.0,-104.672996521,39.861698150635,-76.201,36.895341
25,68,DEN,PDX,5,1.0,-104.672996521,39.861698150635,-122.598,45.588699
25,69,DEN,PHL,4,1.0,-104.672996521,39.861698150635,-75.241096,39.871899
25,70,DEN,PHX,1,1.0,-104.672996521,39.861698150635,-112.005905,33.435302
25,71,DEN,PIT,1,0.5284675848857142,-104.672996521,39.861698150635,-80.232903,40.491501
25,72,DEN,PNS,4,1.0,-104.672996521,39.861698150635,-87.1866,30.4734
25,73,DEN,PSP,5,0.9999875746205311,-104.672996521,39.861698150635,-116.507004,33.8297
25,76,DEN,RDU,4,1.0,-104.672996521,39.861698150635,-78.787498,35.877602
25,77,DEN,RNO,3,0.21694792368129429,-104.672996521,39.861698150635,-119.767998,39.4991
25,78,DEN,RSW,4,1.0,-104.672996521,39.861698150635,-81.75520324707031,26.53619956970215
25,79,DEN,SAN,1,1.0,-104.672996521,39.861698150635,-117.190002441,32.7336006165
25,80,DEN,SAT,4,1.0,-104.672996521,39.861698150635,-98.469803,29.533701
25,82,DEN,SDF,4,0.2640436695377105,-104.672996521,39.861698150635,-85.736,38.1744
25,83,DEN,SEA,5,1.0,-104.672996521,39.861698150635,-122.310276,47.447943
25,84,DEN,SFO,1,1.0,-104.672996521,39.861698150635,-122.374821,37.619806
25,85,DEN,SJC,1,0.9999999988474255,-104.672996521,39.861698150635,-121.929188,37.362452
25,87,DEN,SLC,5,1.0,-104.672996521,39.861698150635,-111.979866,40.78886
25,88,DEN,SMF,1,0.9999999999990478,-104.672996521,39.861698150635,-121.591003,38.6954
25,89,DEN,SNA,1,1.0,-104.672996521,39.861698150635,-117.867996,33.675701
25,91,DEN,STL,4,1.0,-104.672996521,39.861698150635,-90.370003,38.748697
25,92,DEN,SYR,1,0.3683370988035419,-104.672996521,39.861698150635,-76.1063003540039,43.11119842529297
25,93,DEN,TPA,4,1.0,-104.672996521,39.861698150635,-82.533203,27.9755
25,95,DEN,TUL,5,0.3028035187676999,-104.672996521,39.861698150635,-95.88809967041016,36.19839859008789
25,96,DEN,TUS,1,0.9999993847934302,-104.672996521,39.861698150635,-110.938053,32.115004
25,97,DEN,TYR,1,0.9996359063026484,-104.672996521,39.861698150635,-95.40239715576172,32.35409927368164
25,98,DEN,TYS,4,1.0,-104.672996521,39.861698150635,-83.994003,35.811001
25,99,DEN,XNA,4,1.0,-104.672996521,39.861698150635,-94.306801,36.281898
26,25,DFW,DEN,4,1.0,-97.038002,32.896801,-104.672996521,39.861698150635
26,47,DFW,LAS,1,1.0,-97.038002,32.896801,-115.151817,36.083361
26,52,DFW,MCO,4,1.0,-97.038002,32.896801,-81.30899810791016,28.429399490356445
26,69,DFW,PHL,4,1.0,-97.038002,32.896801,-75.241096,39.871899
26,97,DFW,TYR,4,0.9016572405921787,-97.038002,32.896801,-95.40239715576172,32.35409927368164
27,25,DSM,DEN,1,0.9999999999988375,-93.663101,41.534,-104.672996521,39.861698150635
27,52,DSM,MCO,4,1.0,-93.663101,41.534,-81.30899810791016,28.429399490356445
27,70,DSM,PHX,3,0.9999999964936331,-93.663101,41.534,-112.005905,33.435302
28,25,DTW,DEN,1,0.999095064083595,-83.353786,42.21377,-104.672996521,39.861698150635
28,47,DTW,LAS,5,0.9999999999999929,-83.353786,42.21377,-115.151817,36.083361
28,52,DTW,MCO,1,1.0,-83.353786,42.21377,-81.30899810791016,28.429399490356445
28,55,DTW,MIA,1,0.9999999999999983,-83.353786,42.21377,-80.29060363769531,25.79319953918457
28,70,DTW,PHX,3,0.9999999997315482,-83.353786,42.21377,-112.005905,33.435302
28,78,DTW,RSW,1,0.9999999999971758,-83.353786,42.21377,-81.75520324707031,26.53619956970215
29,25,ELP,DEN,1,0.9999995237095848,-106.377998,31.807199,-104.672996521,39.861698150635
30,3,EWR,ATL,3,0.9999999999292164,-74.168701,40.692501,-84.428101,33.6367
30,47,EWR,LAS,3,1.0,-74.168701,40.692501,-115.151817,36.083361
30,52,EWR,MCO,5,1.0,-74.168701,40.692501,-81.30899810791016,28.429399490356445
30,55,EWR,MIA,1,1.0,-74.168701,40.692501,-80.29060363769531,25.79319953918457
30,67,EWR,PBI,5,1.0,-74.168701,40.692501,-80.095596,26.683201
30,70,EWR,PHX,3,1.0,-74.168701,40.692501,-112.005905,33.435302
30,86,EWR,SJU,3,1.0,-74.168701,40.692501,-66.001801,18.4394
30,93,EWR,TPA,1,0.6861151704938139,-74.168701,40.692501,-82.533203,27.9755
31,25,FAR,DEN,1,0.9993579540788761,-96.81580352783203,46.92070007324219,-104.672996521,39.861698150635
31,70,FAR,PHX,1,0.9999999956600164,-96.81580352783203,46.92070007324219,-112.005905,33.435302
32,25,FAT,DEN,4,1.0,-119.718002,36.776199,-104.672996521,39.861698150635
33,19,FLL,CLE,4,0.9999999999999648,-80.152702,26.072599,-81.8498,41.411701
33,23,FLL,CVG,1,0.9999999999357952,-80.152702,26.072599,-84.667801,39.048801
33,25,FLL,DEN,5,0.9851472799210838,-80.152702,26.072599,-104.672996521,39.861698150635
33,45,FLL,ISP,4,1.0,-80.152702,26.072599,-73.10019684,40.79520035
33,94,FLL,TTN,4,1.0,-80.152702,26.072599,-74.813499,40.276699
34,25,FSD,DEN,4,0.9999999999962617,-96.741152,43.585463,-104.672996521,39.861698150635
35,25,GEG,DEN,1,0.9997717253914506,-117.533997,47.6199,-104.672996521,39.861698150635
35,47,GEG,LAS,1,0.9999999999998058,-117.533997,47.6199,-115.151817,36.083361
35,83,GEG,SEA,4,0.9893434255951089,-117.533997,47.6199,-122.310276,47.447943
36,25,GRB,DEN,4,0.9999400554825301,-88.130805,44.483459,-104.672996521,39.861698150635
36,52,GRB,MCO,4,1.0,-88.130805,44.483459,-81.30899810791016,28.429399490356445
37,25,GRR,DEN,4,0.9999999999794568,-85.52279663,42.88079834,-104.672996521,39.861698150635
37,52,GRR,MCO,4,1.0,-85.52279663,42.88079834,-81.30899810791016,28.429399490356445
37,70,GRR,PHX,5,0.9999993165534753,-85.52279663,42.88079834,-112.005905,33.435302
37,78,GRR,RSW,4,1.0,-85.52279663,42.88079834,-81.75520324707031,26.53619956970215
37,93,GRR,TPA,4,1.0,-85.52279663,42.88079834,-82.533203,27.9755
38,25,GSP,DEN,3,0.9999999999998179,-82.218903,34.895699,-104.672996521,39.861698150635
38,52,GSP,MCO,4,1.0,-82.218903,34.895699,-81.30899810791016,28.429399490356445
39,25,HRL,DEN,4,1.0,-97.65440368652344,26.228500366210938,-104.672996521,39.861698150635
40,52,HSV,MCO,4,0.9999999984558342,-86.775101,34.637199,-81.30899810791016,28.429399490356445
41,4,IAD,AUS,3,0.9999999160326135,-77.455803,38.9445,-97.662015,30.197535
41,52,IAD,MCO,5,0.9999982040653944,-77.455803,38.9445,-81.30899810791016,28.429399490356445
42,25,IAH,DEN,4,1.0,-95.34140014648438,29.984399795532227,-104.672996521,39.861698150635
42,39,IAH,HRL,4,0.9998939756444719,-95.34140014648438,29.984399795532227,-97.65440368652344,26.228500366210938
42,47,IAH,LAS,1,0.9999999999999944,-95.34140014648438,29.984399795532227,-115.151817,36.083361
42,52,IAH,MCO,4,1.0,-95.34140014648438,29.984399795532227,-81.30899810791016,28.429399490356445
43,25,ICT,DEN,4,0.9999999983705379,-97.433098,37.649899,-104.672996521,39.861698150635
44,25,IND,DEN,1,1.0,-86.294403,39.7173,-104.672996521,39.861698150635
44,47,IND,LAS,5,0.9999999978371924,-86.294403,39.7173,-115.151817,36.083361
44,52,IND,MCO,4,1.0,-86.294403,39.7173,-81.30899810791016,28.429399490356445
44,78,IND,RSW,4,0.9999999999999999,-86.294403,39.7173,-81.75520324707031,26.53619956970215
45,3,ISP,ATL,3,0.999999999996931,-73.10019684,40.79520035,-84.428101,33.6367
45,33,ISP,FLL,5,1.0,-73.10019684,40.79520035,-80.152702,26.072599
45,52,ISP,MCO,5,1.0,-73.10019684,40.79520035,-81.30899810791016,28.429399490356445
45,61,ISP,MYR,4,0.6873917202918909,-73.10019684,40.79520035,-78.928299,33.679699
45,67,ISP,PBI,5,0.9999999977400091,-73.10019684,40.79520035,-80.095596,26.683201
45,78,ISP,RSW,3,1.0,-73.10019684,40.79520035,-81.75520324707031,26.53619956970215
45,93,ISP,TPA,5,0.9999999999999915,-73.10019684,40.79520035,-82.533203,27.9755
46,69,JAX,PHL,4,1.0,-81.687813,30.492469,-75.241096,39.871899
47,3,LAS,ATL,4,1.0,-115.151817,36.083361,-84.428101,33.6367
47,4,LAS,AUS,4,1.0,-115.151817,36.083361,-97.662015,30.197535
47,11,LAS,BNA,4,1.0,-115.151817,36.083361,-86.6782,36.1245
47,19,LAS,CLE,4,1.0,-115.151817,36.083361,-81.8498,41.411701
47,20,LAS,CLT,4,1.0,-115.151817,36.083361,-80.94309997558594,35.2140007019043
47,22,LAS,COS,4,1.0,-115.151817,36.083361,-104.700996,38.805801
47,23,LAS,CVG,4,1.0,-115.151817,36.083361,-84.667801,39.048801
47,25,LAS,DEN,4,1.0,-115.151817,36.083361,-104.672996521,39.861698150635
47,26,LAS,DFW,4,1.0,-115.151817,36.083361,-97.038002,32.896801
47,28,LAS,DTW,4,1.0,-115.151817,36.083361,-83.353786,42.21377
47,30,LAS,EWR,4,1.0,-115.151817,36.083361,-74.168701,40.692501
47,35,LAS,GEG,3,0.9999999992847023,-115.151817,36.083361,-117.533997,47.6199
47,42,LAS,IAH,4,1.0,-115.151817,36.083361,-95.34140014648438,29.984399795532227
47,44,LAS,IND,4,1.0,-115.151817,36.083361,-86.294403,39.7173
47,48,LAS,LAX,4,0.9999999999980738,-115.151817,36.083361,-118.407997,33.942501
47,52,LAS,MCO,4,1.0,-115.151817,36.083361,-81.30899810791016,28.429399490356445
47,55,LAS,MIA,4,1.0,-115.151817,36.083361,-80.29060363769531,25.79319953918457
47,56,LAS,MKE,4,1.0,-115.151817,36.083361,-87.896599,42.947201
47,57,LAS,MSN,4,1.0,-115.151817,36.083361,-89.337502,43.1399
47,63,LAS,OMA,4,1.0,-115.151817,36.083361,-95.894096,41.3032
47,65,LAS,ORD,4,1.0,-115.151817,36.083361,-87.9048,41.9786
47,66,LAS,ORF,4,1.0,-115.151817,36.083361,-76.201,36.895341
47,68,LAS,PDX,3,0.9999999909610291,-115.151817,36.083361,-122.598,45.588699
47,69,LAS,PHL,4,1.0,-115.151817,36.083361,-75.241096,39.871899
47,70,LAS,PHX,1,0.9999999999998938,-115.151817,36.083361,-112.005905,33.435302
47,76,LAS,RDU,4,1.0,-115.151817,36.083361,-78.787498,35.877602
47,77,LAS,RNO,5,0.9996830637985878,-115.151817,36.083361,-119.767998,39.4991
47,79,LAS,SAN,1,0.9974050344341758,-115.151817,36.083361,-117.190002441,32.7336006165
47,80,LAS,SAT,4,1.0,-115.151817,36.083361,-98.469803,29.533701
47,83,LAS,SEA,3,0.9999999999613156,-115.151817,36.083361,-122.310276,47.447943
47,84,LAS,SFO,1,0.9999999174106717,-115.151817,36.083361,-122.374821,37.619806
47,85,LAS,SJC,4,0.9999999999999994,-115.151817,36.083361,-121.929188,37.362452
47,87,LAS,SLC,1,0.9999999951730347,-115.151817,36.083361,-111.979866,40.78886
47,88,LAS,SMF,5,0.9999999884319712,-115.151817,36.083361,-121.591003,38.6954
47,89,LAS,SNA,4,0.9999999999927233,-115.151817,36.083361,-117.867996,33.675701
47,91,LAS,STL,4,1.0,-115.151817,36.083361,-90.370003,38.748697
47,93,LAS,TPA,4,1.0,-115.151817,36.083361,-82.533203,27.9755
48,3,LAX,ATL,4,1.0,-118.407997,33.942501,-84.428101,33.6367
48,25,LAX,DEN,4,1.0,-118.407997,33.942501,-104.672996521,39.861698150635
48,47,LAX,LAS,4,0.9999999999999998,-118.407997,33.942501,-115.151817,36.083361
48,70,LAX,PHX,3,0.26735852845415686,-118.407997,33.942501,-112.005905,33.435302
49,3,LGA,ATL,1,1.0,-73.872597,40.777199,-84.428101,33.6367
49,52,LGA,MCO,1,1.0,-73.872597,40.777199,-81.30899810791016,28.429399490356445
49,55,LGA,MIA,4,1.0,-73.872597,40.777199,-80.29060363769531,25.79319953918457
50,25,LIT,DEN,5,0.9999999292534971,-92.223728,34.729582,-104.672996521,39.861698150635
51,25,MCI,DEN,1,0.9999999999999757,-94.713898,39.2976,-104.672996521,39.861698150635
51,52,MCI,MCO,4,1.0,-94.713898,39.2976,-81.30899810791016,28.429399490356445
52,2,MCO,ALB,4,1.0,-81.30899810791016,28.429399490356445,-73.80169677734375,42.74829864501953
52,3,MCO,ATL,1,1.0,-81.30899810791016,28.429399490356445,-84.428101,33.6367
52,4,MCO,AUS,1,0.9999999999637492,-81.30899810791016,28.429399490356445,-97.662015,30.197535
52,5,MCO,BDL,4,1.0,-81.30899810791016,28.429399490356445,-72.688066,41.93851
52,6,MCO,BFM,4,0.9966320104056791,-81.30899810791016,28.429399490356445,-88.06809997559999,30.626800537100003
52,10,MCO,BMI,5,0.9997908296326774,-81.30899810791016,28.429399490356445,-88.915901,40.4771
52,11,MCO,BNA,1,0.9999999999999315,-81.30899810791016,28.429399490356445,-86.6782,36.1245
52,12,MCO,BOS,4,1.0,-81.30899810791016,28.429399490356445,-71.0079,42.36197
52,13,MCO,BTV,4,0.9999999999999564,-81.30899810791016,28.429399490356445,-73.153297,44.471901
52,14,MCO,BUF,4,1.0,-81.30899810791016,28.429399490356445,-78.732201,42.940498
52,15,MCO,BWI,4,1.0,-81.30899810791016,28.429399490356445,-76.668297,39.1754
52,19,MCO,CLE,4,1.0,-81.30899810791016,28.429399490356445,-81.8498,41.411701
52,20,MCO,CLT,1,0.9999999996077699,-81.30899810791016,28.429399490356445,-80.94309997558594,35.2140007019043
52,21,MCO,CMH,4,0.9999999999999999,-81.30899810791016,28.429399490356445,-82.891899,39.998001
52,22,MCO,COS,3,0.9999556115938217,-81.30899810791016,28.429399490356445,-104.700996,38.805801
52,23,MCO,CVG,1,1.0,-81.30899810791016,28.429399490356445,-84.667801,39.048801
52,25,MCO,DEN,5,1.0,-81.30899810791016,28.429399490356445,-104.672996521,39.861698150635
52,26,MCO,DFW,3,0.9999999999830792,-81.30899810791016,28.429399490356445,-97.038002,32.896801
52,27,MCO,DSM,5,0.9999933535412419,-81.30899810791016,28.429399490356445,-93.663101,41.534
52,28,MCO,DTW,1,1.0,-81.30899810791016,28.429399490356445,-83.353786,42.21377
52,30,MCO,EWR,4,1.0,-81.30899810791016,28.429399490356445,-74.168701,40.692501
52,36,MCO,GRB,5,0.9999999961033339,-81.30899810791016,28.429399490356445,-88.130805,44.483459
52,37,MCO,GRR,5,0.9999999999995771,-81.30899810791016,28.429399490356445,-85.52279663,42.88079834
52,38,MCO,GSP,4,0.9999999999999998,-81.30899810791016,28.429399490356445,-82.218903,34.895699
52,40,MCO,HSV,1,0.9999996050329446,-81.30899810791016,28.429399490356445,-86.775101,34.637199
52,41,MCO,IAD,4,1.0,-81.30899810791016,28.429399490356445,-77.455803,38.9445
52,42,MCO,IAH,1,0.9999999999999618,-81.30899810791016,28.429399490356445,-95.34140014648438,29.984399795532227
52,44,MCO,IND,5,0.9999999957903646,-81.30899810791016,28.429399490356445,-86.294403,39.7173
52,45,MCO,ISP,4,1.0,-81.30899810791016,28.429399490356445,-73.10019684,40.79520035
52,47,MCO,LAS,5,1.0,-81.30899810791016,28.429399490356445,-115.151817,36.083361
52,49,MCO,LGA,4,1.0,-81.30899810791016,28.429399490356445,-73.872597,40.777199
52,51,MCO,MCI,5,0.993632232746048,-81.30899810791016,28.429399490356445,-94.713898,39.2976
52,53,MCO,MDT,4,1.0,-81.30899810791016,28.429399490356445,-76.763397,40.193501
52,54,MCO,MEM,5,0.9414676253196619,-81.30899810791016,28.429399490356445,-89.9767,35.0424
52,56,MCO,MKE,1,1.0,-81.30899810791016,28.429399490356445,-87.896599,42.947201
52,57,MCO,MSN,5,0.9999998590731258,-81.30899810791016,28.429399490356445,-89.337502,43.1399
52,59,MCO,MSP,5,0.9999985650297166,-81.30899810791016,28.429399490356445,-93.221741,44.880081
52,60,MCO,MSY,5,0.9999848298708509,-81.30899810791016,28.429399490356445,-90.258003,29.993401
52,62,MCO,OKC,3,0.9999909295116801,-81.30899810791016,28.429399490356445,-97.598248,35.393388
52,63,MCO,OMA,5,0.9172055675929581,-81.30899810791016,28.429399490356445,-95.894096,41.3032
52,64,MCO,ONT,3,1.0,-81.30899810791016,28.429399490356445,-117.600998,34.056
52,65,MCO,ORD,5,1.0,-81.30899810791016,28.429399490356445,-87.9048,41.9786
52,66,MCO,ORF,4,1.0,-81.30899810791016,28.429399490356445,-76.201,36.895341
52,69,MCO,PHL,4,1.0,-81.30899810791016,28.429399490356445,-75.241096,39.871899
52,71,MCO,PIT,1,0.9999999999966511,-81.30899810791016,28.429399490356445,-80.232903,40.491501
52,74,MCO,PVD,4,1.0,-81.30899810791016,28.429399490356445,-71.425668,41.725038
52,75,MCO,PWM,4,1.0,-81.30899810791016,28.429399490356445,-70.309303,43.646198
52,76,MCO,RDU,1,1.0,-81.30899810791016,28.429399490356445,-78.787498,35.877602
52,79,MCO,SAN,3,1.0,-81.30899810791016,28.429399490356445,-117.190002441,32.7336006165
52,80,MCO,SAT,3,0.9992530305724935,-81.30899810791016,28.429399490356445,-98.469803,29.533701
52,82,MCO,SDF,1,0.9999998804054959,-81.30899810791016,28.429399490356445,-85.736,38.1744
52,86,MCO,SJU,4,1.0,-81.30899810791016,28.429399490356445,-66.001801,18.4394
52,90,MCO,SRQ,4,0.9993548129728821,-81.30899810791016,28.429399490356445,-82.554359,27.394631
52,91,MCO,STL,5,0.9999999999999998,-81.30899810791016,28.429399490356445,-90.370003,38.748697
52,92,MCO,SYR,4,1.0,-81.30899810791016,28.429399490356445,-76.1063003540039,43.11119842529297
52,94,MCO,TTN,4,1.0,-81.30899810791016,28.429399490356445,-74.813499,40.276699
52,98,MCO,TYS,1,0.9999986111909143,-81.30899810791016,28.429399490356445,-83.994003,35.811001
53,52,MDT,MCO,5,0.9999998559333454,-76.763397,40.193501,-81.30899810791016,28.429399490356445
54,25,MEM,DEN,1,0.9999999998150374,-89.9767,35.0424,-104.672996521,39.861698150635
54,52,MEM,MCO,4,0.9999999999997251,-89.9767,35.0424,-81.30899810791016,28.429399490356445
55,3,MIA,ATL,5,0.9999999999868113,-80.29060363769531,25.79319953918457,-84.428101,33.6367
55,5,MIA,BDL,1,0.9999999994728679,-80.29060363769531,25.79319953918457,-72.688066,41.93851
55,12,MIA,BOS,1,1.0,-80.29060363769531,25.79319953918457,-71.0079,42.36197
55,15,MIA,BWI,1,0.6997053469829332,-80.29060363769531,25.79319953918457,-76.668297,39.1754
55,19,MIA,CLE,1,1.0,-80.29060363769531,25.79319953918457,-81.8498,41.411701
55,23,MIA,CVG,5,0.9999996821843204,-80.29060363769531,25.79319953918457,-84.667801,39.048801
55,25,MIA,DEN,5,1.0,-80.29060363769531,25.79319953918457,-104.672996521,39.861698150635
55,28,MIA,DTW,1,0.9999999999893373,-80.29060363769531,25.79319953918457,-83.353786,42.21377
55,30,MIA,EWR,1,1.0,-80.29060363769531,25.79319953918457,-74.168701,40.692501
55,47,MIA,LAS,3,1.0,-80.29060363769531,25.79319953918457,-115.151817,36.083361
55,49,MIA,LGA,1,1.0,-80.29060363769531,25.79319953918457,-73.872597,40.777199
55,65,MIA,ORD,5,1.0,-80.29060363769531,25.79319953918457,-87.9048,41.9786
55,67,MIA,PBI,4,0.9767233789904588,-80.29060363769531,25.79319953918457,-80.095596,26.683201
55,69,MIA,PHL,4,1.0,-80.29060363769531,25.79319953918457,-75.241096,39.871899
55,76,MIA,RDU,5,0.9999999932472003,-80.29060363769531,25.79319953918457,-78.787498,35.877602
55,86,MIA,SJU,4,1.0,-80.29060363769531,25.79319953918457,-66.001801,18.4394
55,94,MIA,TTN,4,0.5896475613201504,-80.29060363769531,25.79319953918457,-74.813499,40.276699
56,25,MKE,DEN,1,1.0,-87.896599,42.947201,-104.672996521,39.861698150635
56,47,MKE,LAS,1,0.9999999999994481,-87.896599,42.947201,-115.151817,36.083361
56,52,MKE,MCO,4,1.0,-87.896599,42.947201,-81.30899810791016,28.429399490356445
56,70,MKE,PHX,1,0.9999999999999998,-87.896599,42.947201,-112.005905,33.435302
56,78,MKE,RSW,4,1.0,-87.896599,42.947201,-81.75520324707031,26.53619956970215
56,93,MKE,TPA,4,1.0,-87.896599,42.947201,-82.533203,27.9755
57,25,MSN,DEN,5,0.9920825975727039,-89.337502,43.1399,-104.672996521,39.861698150635
57,47,MSN,LAS,3,0.9998830027983684,-89.337502,43.1399,-115.151817,36.083361
57,52,MSN,MCO,1,0.9999999774568131,-89.337502,43.1399,-81.30899810791016,28.429399490356445
57,56,MSN,MKE,4,0.9396134940213288,-89.337502,43.1399,-87.896599,42.947201
57,70,MSN,PHX,3,0.9999997126260614,-89.337502,43.1399,-112.005905,33.435302
58,25,MSO,DEN,4,0.31789763975425106,-114.0910034,46.91630173,-104.672996521,39.861698150635
59,25,MSP,DEN,4,1.0,-93.221741,44.880081,-104.672996521,39.861698150635
59,31,MSP,FAR,4,0.6694737603305693,-93.221741,44.880081,-96.81580352783203,46.92070007324219
59,36,MSP,GRB,4,0.9986143192082471,-93.221741,44.880081,-88.130805,44.483459
59,52,MSP,MCO,4,1.0,-93.221741,44.880081,-81.30899810791016,28.429399490356445
59,78,MSP,RSW,4,1.0,-93.221741,44.880081,-81.75520324707031,26.53619956970215
59,93,MSP,TPA,4,1.0,-93.221741,44.880081,-82.533203,27.9755
60,4,MSY,AUS,3,0.6489057525219919,-90.258003,29.993401,-97.662015,30.197535
60,23,MSY,CVG,1,0.9981985545841311,-90.258003,29.993401,-84.667801,39.048801
60,25,MSY,DEN,5,0.9999999999999799,-90.258003,29.993401,-104.672996521,39.861698150635
60,52,MSY,MCO,1,0.9905832287618,-90.258003,29.993401,-81.30899810791016,28.429399490356445
60,69,MSY,PHL,4,1.0,-90.258003,29.993401,-75.241096,39.871899
60,72,MSY,PNS,4,0.9153733564601279,-90.258003,29.993401,-87.1866,30.4734
61,25,MYR,DEN,5,0.9374647831122334,-78.928299,33.679699,-104.672996521,39.861698150635
61,45,MYR,ISP,4,0.9619597955273722,-78.928299,33.679699,-73.10019684,40.79520035
61,94,MYR,TTN,4,0.976054193876656,-78.928299,33.679699,-74.813499,40.276699
62,25,OKC,DEN,4,0.9999875087658565,-97.598248,35.393388,-104.672996521,39.861698150635
62,50,OKC,LIT,4,0.9924879359362293,-97.598248,35.393388,-92.223728,34.729582
62,52,OKC,MCO,4,0.999999999999897,-97.598248,35.393388,-81.30899810791016,28.429399490356445
63,25,OMA,DEN,1,0.9999999999999988,-95.894096,41.3032,-104.672996521,39.861698150635
63,47,OMA,LAS,5,0.999999999999994,-95.894096,41.3032,-115.151817,36.083361
63,52,OMA,MCO,4,1.0,-95.894096,41.3032,-81.30899810791016,28.429399490356445
63,78,OMA,RSW,4,1.0,-95.894096,41.3032,-81.75520324707031,26.53619956970215
64,4,ONT,AUS,4,1.0,-117.600998,34.056,-97.662015,30.197535
64,25,ONT,DEN,4,1.0,-117.600998,34.056,-104.672996521,39.861698150635
64,52,ONT,MCO,4,1.0,-117.600998,34.056,-81.30899810791016,28.429399490356445
65,11,ORD,BNA,4,0.6183806686794859,-87.9048,41.9786,-86.6782,36.1245
65,25,ORD,DEN,1,1.0,-87.9048,41.9786,-104.672996521,39.861698150635
65,47,ORD,LAS,1,1.0,-87.9048,41.9786,-115.151817,36.083361
65,52,ORD,MCO,4,1.0,-87.9048,41.9786,-81.30899810791016,28.429399490356445
65,55,ORD,MIA,4,1.0,-87.9048,41.9786,-80.29060363769531,25.79319953918457
65,70,ORD,PHX,5,1.0,-87.9048,41.9786,-112.005905,33.435302
65,78,ORD,RSW,4,1.0,-87.9048,41.9786,-81.75520324707031,26.53619956970215
65,86,ORD,SJU,1,0.9999999461719403,-87.9048,41.9786,-66.001801,18.4394
65,93,ORD,TPA,4,1.0,-87.9048,41.9786,-82.533203,27.9755
66,25,ORF,DEN,3,0.9999999999817581,-76.201,36.895341,-104.672996521,39.861698150635
66,47,ORF,LAS,3,0.9999999999999972,-76.201,36.895341,-115.151817,36.083361
66,52,ORF,MCO,1,0.9999999998659919,-76.201,36.895341,-81.30899810791016,28.429399490356445
66,76,ORF,RDU,1,0.21249373122934578,-76.201,36.895341,-78.787498,35.877602
67,19,PBI,CLE,4,1.0,-80.095596,26.683201,-81.8498,41.411701
67,30,PBI,EWR,1,1.0,-80.095596,26.683201,-74.168701,40.692501
67,45,PBI,ISP,4,1.0,-80.095596,26.683201,-73.10019684,40.79520035
67,69,PBI,PHL,4,1.0,-80.095596,26.683201,-75.241096,39.871899
67,94,PBI,TTN,4,1.0,-80.095596,26.683201,-74.813499,40.276699
68,25,PDX,DEN,4,1.0,-122.598,45.588699,-104.672996521,39.861698150635
68,47,PDX,LAS,1,0.9999999999999896,-122.598,45.588699,-115.151817,36.083361
69,3,PHL,ATL,1,0.9999999999999936,-75.241096,39.871899,-84.428101,33.6367
69,11,PHL,BNA,5,0.9999687740479111,-75.241096,39.871899,-86.6782,36.1245
69,17,PHL,CHS,4,0.9982816220518579,-75.241096,39.871899,-80.040497,32.898602
69,20,PHL,CLT,5,0.9999999594212058,-75.241096,39.871899,-80.94309997558594,35.2140007019043
69,25,PHL,DEN,5,1.0,-75.241096,39.871899,-104.672996521,39.861698150635
69,26,PHL,DFW,3,0.9999999417974922,-75.241096,39.871899,-97.038002,32.896801
69,46,PHL,JAX,1,0.9999999999999992,-75.241096,39.871899,-81.687813,30.492469
69,47,PHL,LAS,3,1.0,-75.241096,39.871899,-115.151817,36.083361
69,52,PHL,MCO,1,1.0,-75.241096,39.871899,-81.30899810791016,28.429399490356445
69,55,PHL,MIA,4,1.0,-75.241096,39.871899,-80.29060363769531,25.79319953918457
69,60,PHL,MSY,3,0.9999980251748417,-75.241096,39.871899,-90.258003,29.993401
69,67,PHL,PBI,1,0.9999999996231451,-75.241096,39.871899,-80.095596,26.683201
69,71,PHL,PIT,4,0.9867712237938167,-75.241096,39.871899,-80.232903,40.491501
69,75,PHL,PWM,4,0.9999863350730368,-75.241096,39.871899,-70.309303,43.646198
69,78,PHL,RSW,1,1.0,-75.241096,39.871899,-81.75520324707031,26.53619956970215
69,81,PHL,SAV,4,0.9988595931654792,-75.241096,39.871899,-81.202103,32.127602
69,86,PHL,SJU,5,1.0,-75.241096,39.871899,-66.001801,18.4394
69,90,PHL,SRQ,3,0.9985439890309356,-75.241096,39.871899,-82.554359,27.394631
69,93,PHL,TPA,1,1.0,-75.241096,39.871899,-82.533203,27.9755
70,19,PHX,CLE,4,1.0,-112.005905,33.435302,-81.8498,41.411701
70,22,PHX,COS,4,1.0,-112.005905,33.435302,-104.700996,38.805801
70,23,PHX,CVG,4,1.0,-112.005905,33.435302,-84.667801,39.048801
70,25,PHX,DEN,4,1.0,-112.005905,33.435302,-104.672996521,39.861698150635
70,27,PHX,DSM,4,1.0,-112.005905,33.435302,-93.663101,41.534
70,28,PHX,DTW,4,1.0,-112.005905,33.435302,-83.353786,42.21377
70,30,PHX,EWR,4,1.0,-112.005905,33.435302,-74.168701,40.692501
70,31,PHX,FAR,1,0.9999999997509894,-112.005905,33.435302,-96.81580352783203,46.92070007324219
70,37,PHX,GRR,4,1.0,-112.005905,33.435302,-85.52279663,42.88079834
70,47,PHX,LAS,1,0.9999999999276844,-112.005905,33.435302,-115.151817,36.083361
70,48,PHX,LAX,1,0.3318300967293313,-112.005905,33.435302,-118.407997,33.942501
70,56,PHX,MKE,4,1.0,-112.005905,33.435302,-87.896599,42.947201
70,57,PHX,MSN,4,0.9999999999997539,-112.005905,33.435302,-89.337502,43.1399
70,65,PHX,ORD,4,1.0,-112.005905,33.435302,-87.9048,41.9786
70,79,PHX,SAN,5,0.9998736483659614,-112.005905,33.435302,-117.190002441,32.7336006165
70,87,PHX,SLC,1,0.9999999999974749,-112.005905,33.435302,-111.979866,40.78886
71,25,PIT,DEN,5,0.27580798713383337,-80.232903,40.491501,-104.672996521,39.861698150635
71,52,PIT,MCO,1,0.999999999715676,-80.232903,40.491501,-81.30899810791016,28.429399490356445
72,25,PNS,DEN,5,0.9999999999951088,-87.1866,30.4734,-104.672996521,39.861698150635
73,25,PSP,DEN,4,1.0,-116.507004,33.8297,-104.672996521,39.861698150635
74,52,PVD,MCO,1,1.0,-71.425668,41.725038,-81.30899810791016,28.429399490356445
74,78,PVD,RSW,5,0.9999987731258241,-71.425668,41.725038,-81.75520324707031,26.53619956970215
74,93,PVD,TPA,5,0.999999999580585,-71.425668,41.725038,-82.533203,27.9755
75,52,PWM,MCO,3,0.9999999995196324,-70.309303,43.646198,-81.30899810791016,28.429399490356445
75,69,PWM,PHL,1,0.7520185859328784,-70.309303,43.646198,-75.241096,39.871899
75,78,PWM,RSW,3,0.999999951817951,-70.309303,43.646198,-81.75520324707031,26.53619956970215
75,93,PWM,TPA,3,0.9999999999477202,-70.309303,43.646198,-82.533203,27.9755
76,3,RDU,ATL,3,0.9999999577766371,-78.787498,35.877602,-84.428101,33.6367
76,12,RDU,BOS,4,1.0,-78.787498,35.877602,-71.0079,42.36197
76,25,RDU,DEN,3,1.0,-78.787498,35.877602,-104.672996521,39.861698150635
76,47,RDU,LAS,3,1.0,-78.787498,35.877602,-115.151817,36.083361
76,52,RDU,MCO,1,0.9999999999955841,-78.787498,35.877602,-81.30899810791016,28.429399490356445
76,55,RDU,MIA,1,1.0,-78.787498,35.877602,-80.29060363769531,25.79319953918457
76,86,RDU,SJU,1,0.9999942496365252,-78.787498,35.877602,-66.001801,18.4394
76,94,RDU,TTN,4,0.999999999999582,-78.787498,35.877602,-74.813499,40.276699
77,25,RNO,DEN,2,0.9826707103552723,-119.767998,39.4991,-104.672996521,39.861698150635
77,47,RNO,LAS,4,0.9999999999997251,-119.767998,39.4991,-115.151817,36.083361
78,2,RSW,ALB,4,1.0,-81.75520324707031,26.53619956970215,-73.80169677734375,42.74829864501953
78,14,RSW,BUF,4,1.0,-81.75520324707031,26.53619956970215,-78.732201,42.940498
78,19,RSW,CLE,4,1.0,-81.75520324707031,26.53619956970215,-81.8498,41.411701
78,23,RSW,CVG,4,1.0,-81.75520324707031,26.53619956970215,-84.667801,39.048801
78,25,RSW,DEN,5,0.9999999958964126,-81.75520324707031,26.53619956970215,-104.672996521,39.861698150635
78,28,RSW,DTW,1,0.9999999999881696,-81.75520324707031,26.53619956970215,-83.353786,42.21377
78,37,RSW,GRR,1,1.0,-81.75520324707031,26.53619956970215,-85.52279663,42.88079834
78,44,RSW,IND,1,0.999999998113186,-81.75520324707031,26.53619956970215,-86.294403,39.7173
78,45,RSW,ISP,4,1.0,-81.75520324707031,26.53619956970215,-73.10019684,40.79520035
78,56,RSW,MKE,1,1.0,-81.75520324707031,26.53619956970215,-87.896599,42.947201
78,59,RSW,MSP,5,0.9999994588721135,-81.75520324707031,26.53619956970215,-93.221741,44.880081
78,63,RSW,OMA,5,0.9999997205955984,-81.75520324707031,26.53619956970215,-95.894096,41.3032
78,65,RSW,ORD,1,1.0,-81.75520324707031,26.53619956970215,-87.9048,41.9786
78,69,RSW,PHL,4,1.0,-81.75520324707031,26.53619956970215,-75.241096,39.871899
78,74,RSW,PVD,4,1.0,-81.75520324707031,26.53619956970215,-71.425668,41.725038
78,75,RSW,PWM,4,1.0,-81.75520324707031,26.53619956970215,-70.309303,43.646198
78,92,RSW,SYR,4,1.0,-81.75520324707031,26.53619956970215,-76.1063003540039,43.11119842529297
78,94,RSW,TTN,4,1.0,-81.75520324707031,26.53619956970215,-74.813499,40.276699
79,4,SAN,AUS,4,1.0,-117.190002441,32.7336006165,-97.662015,30.197535
79,25,SAN,DEN,4,1.0,-117.190002441,32.7336006165,-104.672996521,39.861698150635
79,47,SAN,LAS,3,0.9991495922711756,-117.190002441,32.7336006165,-115.151817,36.083361
79,52,SAN,MCO,4,1.0,-117.190002441,32.7336006165,-81.30899810791016,28.429399490356445
79,70,SAN,PHX,4,1.0,-117.190002441,32.7336006165,-112.005905,33.435302
80,25,SAT,DEN,1,0.9999999999999871,-98.469803,29.533701,-104.672996521,39.861698150635
80,47,SAT,LAS,5,0.9999999998247248,-98.469803,29.533701,-115.151817,36.083361
80,52,SAT,MCO,4,1.0,-98.469803,29.533701,-81.30899810791016,28.429399490356445
81,69,SAV,PHL,4,0.9987513198459971,-81.202103,32.127602,-75.241096,39.871899
82,25,SDF,DEN,5,0.13484791042895364,-85.736,38.1744,-104.672996521,39.861698150635
82,52,SDF,MCO,4,1.0,-85.736,38.1744,-81.30899810791016,28.429399490356445
83,25,SEA,DEN,4,1.0,-122.310276,47.447943,-104.672996521,39.861698150635
83,35,SEA,GEG,4,0.6989391778724102,-122.310276,47.447943,-117.533997,47.6199
83,47,SEA,LAS,1,1.0,-122.310276,47.447943,-115.151817,36.083361
84,3,SFO,ATL,4,1.0,-122.374821,37.619806,-84.428101,33.6367
84,4,SFO,AUS,4,1.0,-122.374821,37.619806,-97.662015,30.197535
84,25,SFO,DEN,4,1.0,-122.374821,37.619806,-104.672996521,39.861698150635
84,47,SFO,LAS,1,0.9999999943551833,-122.374821,37.619806,-115.151817,36.083361
85,25,SJC,DEN,4,0.9999999996822633,-121.929188,37.362452,-104.672996521,39.861698150635
85,47,SJC,LAS,4,0.9999999999999909,-121.929188,37.362452,-115.151817,36.083361
86,3,SJU,ATL,1,0.9999999999999999,-66.001801,18.4394,-84.428101,33.6367
86,30,SJU,EWR,3,1.0,-66.001801,18.4394,-74.168701,40.692501
86,52,SJU,MCO,4,1.0,-66.001801,18.4394,-81.30899810791016,28.429399490356445
86,55,SJU,MIA,4,1.0,-66.001801,18.4394,-80.29060363769531,25.79319953918457
86,65,SJU,ORD,1,0.9999998396396031,-66.001801,18.4394,-87.9048,41.9786
86,69,SJU,PHL,5,1.0,-66.001801,18.4394,-75.241096,39.871899
86,76,SJU,RDU,5,0.9999999988626698,-66.001801,18.4394,-78.787498,35.877602
86,93,SJU,TPA,4,1.0,-66.001801,18.4394,-82.533203,27.9755
87,3,SLC,ATL,4,0.9999999999999957,-111.979866,40.78886,-84.428101,33.6367
87,4,SLC,AUS,4,1.0,-111.979866,40.78886,-97.662015,30.197535
87,25,SLC,DEN,4,1.0,-111.979866,40.78886,-104.672996521,39.861698150635
87,47,SLC,LAS,1,0.9999999984050058,-111.979866,40.78886,-115.151817,36.083361
87,70,SLC,PHX,1,0.9999999999996095,-111.979866,40.78886,-112.005905,33.435302
88,25,SMF,DEN,4,1.0,-121.591003,38.6954,-104.672996521,39.861698150635
88,47,SMF,LAS,4,1.0,-121.591003,38.6954,-115.151817,36.083361
89,25,SNA,DEN,4,1.0,-117.867996,33.675701,-104.672996521,39.861698150635
89,47,SNA,LAS,4,0.9999999990651444,-117.867996,33.675701,-115.151817,36.083361
90,19,SRQ,CLE,4,1.0,-82.554359,27.394631,-81.8498,41.411701
90,23,SRQ,CVG,1,0.9999999999931617,-82.554359,27.394631,-84.667801,39.048801
90,52,SRQ,MCO,4,0.9240554879684552,-82.554359,27.394631,-81.30899810791016,28.429399490356445
90,65,SRQ,ORD,1,0.996986102726335,-82.554359,27.394631,-87.9048,41.9786
90,69,SRQ,PHL,4,0.9999999999999992,-82.554359,27.394631,-75.241096,39.871899
90,94,SRQ,TTN,4,1.0,-82.554359,27.394631,-74.813499,40.276699
91,25,STL,DEN,1,0.9999999999999927,-90.370003,38.748697,-104.672996521,39.861698150635
91,47,STL,LAS,5,1.0,-90.370003,38.748697,-115.151817,36.083361
91,52,STL,MCO,4,1.0,-90.370003,38.748697,-81.30899810791016,28.429399490356445
92,2,SYR,ALB,4,0.9721618816228537,-76.1063003540039,43.11119842529297,-73.80169677734375,42.74829864501953
92,25,SYR,DEN,2,1.0,-76.1063003540039,43.11119842529297,-104.672996521,39.861698150635
92,52,SYR,MCO,3,0.9999999987603263,-76.1063003540039,43.11119842529297,-81.30899810791016,28.429399490356445
92,78,SYR,RSW,3,0.9999992575648696,-76.1063003540039,43.11119842529297,-81.75520324707031,26.53619956970215
92,93,SYR,TPA,3,0.9999808995859554,-76.1063003540039,43.11119842529297,-82.533203,27.9755
93,3,TPA,ATL,1,0.9540254932343679,-82.533203,27.9755,-84.428101,33.6367
93,14,TPA,BUF,4,1.0,-82.533203,27.9755,-78.732201,42.940498
93,19,TPA,CLE,4,1.0,-82.533203,27.9755,-81.8498,41.411701
93,23,TPA,CVG,4,0.9999999999998644,-82.533203,27.9755,-84.667801,39.048801
93,25,TPA,DEN,5,1.0,-82.533203,27.9755,-104.672996521,39.861698150635
93,30,TPA,EWR,4,0.9999498676145163,-82.533203,27.9755,-74.168701,40.692501
93,37,TPA,GRR,1,0.999999999999997,-82.533203,27.9755,-85.52279663,42.88079834
93,45,TPA,ISP,4,1.0,-82.533203,27.9755,-73.10019684,40.79520035
93,47,TPA,LAS,3,1.0,-82.533203,27.9755,-115.151817,36.083361
93,56,TPA,MKE,1,1.0,-82.533203,27.9755,-87.896599,42.947201
93,59,TPA,MSP,5,0.9999999999374495,-82.533203,27.9755,-93.221741,44.880081
93,65,TPA,ORD,4,1.0,-82.533203,27.9755,-87.9048,41.9786
93,69,TPA,PHL,4,1.0,-82.533203,27.9755,-75.241096,39.871899
93,74,TPA,PVD,4,1.0,-82.533203,27.9755,-71.425668,41.725038
93,75,TPA,PWM,4,1.0,-82.533203,27.9755,-70.309303,43.646198
93,86,TPA,SJU,4,1.0,-82.533203,27.9755,-66.001801,18.4394
93,92,TPA,SYR,4,1.0,-82.533203,27.9755,-76.1063003540039,43.11119842529297
93,94,TPA,TTN,4,1.0,-82.533203,27.9755,-74.813499,40.276699
94,3,TTN,ATL,5,0.9999999996975814,-74.813499,40.276699,-84.428101,33.6367
94,20,TTN,CLT,5,0.9999604351965454,-74.813499,40.276699,-80.94309997558594,35.2140007019043
94,33,TTN,FLL,1,1.0,-74.813499,40.276699,-80.152702,26.072599
94,52,TTN,MCO,1,1.0,-74.813499,40.276699,-81.30899810791016,28.429399490356445
94,55,TTN,MIA,3,0.36720275891584664,-74.813499,40.276699,-80.29060363769531,25.79319953918457
94,61,TTN,MYR,4,0.9556213149692281,-74.813499,40.276699,-78.928299,33.679699
94,67,TTN,PBI,1,0.9999999999997851,-74.813499,40.276699,-80.095596,26.683201
94,76,TTN,RDU,1,0.999999794801748,-74.813499,40.276699,-78.787498,35.877602
94,78,TTN,RSW,5,0.9999999999996656,-74.813499,40.276699,-81.75520324707031,26.53619956970215
94,90,TTN,SRQ,3,0.9999783604438798,-74.813499,40.276699,-82.554359,27.394631
94,93,TTN,TPA,1,0.9999997688561867,-74.813499,40.276699,-82.533203,27.9755
95,25,TUL,DEN,4,0.9513559460970205,-95.88809967041016,36.19839859008789,-104.672996521,39.861698150635
96,25,TUS,DEN,4,1.0,-110.938053,32.115004,-104.672996521,39.861698150635
97,25,TYR,DEN,5,0.9943830481147294,-95.40239715576172,32.35409927368164,-104.672996521,39.861698150635
97,26,TYR,DFW,4,0.9426679401306022,-95.40239715576172,32.35409927368164,-97.038002,32.896801
98,25,TYS,DEN,3,0.9999948343098878,-83.994003,35.811001,-104.672996521,39.861698150635
98,52,TYS,MCO,4,0.9999999237712499,-83.994003,35.811001,-81.30899810791016,28.429399490356445
99,25,XNA,DEN,4,0.9999999999727903,-94.306801,36.281898,-104.672996521,39.861698150635
