x1,x2,x3,x4,x5,x6,x7,x8,x9,x10,x11,x12,x13,x14,x15,x16,x17,x18,x19,x20,x21,x22,x23,x24,x25,x26,x27,x28,x29,x30,x31,x32,x33,x34,x35,x36,x37,x38,x39,x40,x41,x42,x43,x44,x45,x46,x47,x48,x49,x50,x51,x52,x53,x54,x55,x56,x57,x58,x59,x60,x61,x62,x63,x64,x65,x66,x67,x68,x69,x70,x71,x72,x73,x74,x75,x76,x77,x78,x79,x80,x81,x82,x83,x84,x85,x86,x87,x88,x89,x90,x91,x92,x93,x94,x95,x96,x97,x98,x99,x100,x101,x102,x103,x104,x105,x106,x107,x108,x109,x110,x111,x112,x113,x114,x115,x116,x117,x118,x119,x120,x121,x122,x123,x124,x125,x126,x127,x128,x129,x130,x131,x132,x133,x134,x135,x136,x137,x138,x139,x140,x141,x142,x143,x144,x145,x146,x147,x148,x149,x150,x151,x152,x153,x154,x155,x156,x157,x158,x159,x160,x161,x162,x163,x164,x165,x166,x167,x168,x169,x170,x171,x172,x173,x174,x175,x176
0,0,0,3,4,5,6,7,1,2,3,4,5,6,7,1,2,3,4,5,6,7,1,2,3,4,5,6,7,1,2,3,4,5,6,7,1,2,3,4,5,6,7,1,2,3,4,5,6,7,1,2,3,4,5,6,7,1,2,3,4,5,6,7,1,2,3,4,5,6,7,1,2,3,4,5,6,7,1,2,3,4,5,6,7,1,2,3,4,5,6,7,1,2,3,4,5,6,7,1,2,3,4,5,6,7,1,2,3,4,5,6,7,1,2,3,4,5,6,7,1,2,3,4,5,6,7,1,2,3,4,5,6,7,1,2,3,4,5,6,7,1,2,3,4,5,6,7,1,2,3,4,5,6,7,1,2,3,4,5,6,7,1,2,3,4,5,6,7,1,2,3,4,5,6,7
1,9001,957419,3,5,8,15,16,29,48,69,102,122,140,208,270,384,546,607,752,908,1245,1445,1870,1986,2132,2717,2824,3050,3719,4136,4417,4882,5180,5407,5534,6004,6213,6480,6816,7146,7363,7434,8320,8472,9883,10008,10227,10373,10529,10763,10874,10985,11294,11612,11801,11801,12245,12360,12455,12679,12879,13030,13236,13312,13488,13636,13836,14009,14140,14248,14439,14522,14719,14751,14889,14989,15114,15213,15355,15314,15353,15409,15502,15549,15709,15776,15789,15843,15914,16020,16056,16092,16108,16134,16155,16178,16277,16306,16338,16359,16381,16398,16425,16469,16475,16483,16522,16527,16547,16564,16606,16633,16664,16703,16717,16733,16757,16757,16757,16823,16837,16859,16886,16906,16906,16906,16954,16960,16993,17027,17069,17069,17069,17112,17123,17164,17184,17421,17421,17421,17459,17494,17733,17786,17793,17793,17793,17870,17876,17912,17926,17956,17956,17956,18035,18081,18088,18126,18160,18160,18160,18317,18322,18347,18401,18434,18434,18434,18605,18622,18667,18721,18774,18774,18774
1,9003,899498,0,0,0,1,3,4,7,11,18,29,35,54,61,88,116,138,189,228,276,330,393,469,539,679,726,751,882,1045,1290,1471,1615,1832,1914,2243,2370,2570,2859,3015,3196,3351,3823,3951,4128,4303,4570,4761,4989,5157,5224,5388,5601,5931,6112,6112,6173,6351,6530,6750,6904,7105,7263,7358,7528,7732,7935,8126,8299,8723,8957,9050,9234,9299,9463,9545,9686,9841,9917,9962,10078,10146,10207,10296,10445,10536,10593,10636,10677,10747,10809,10844,10859,10924,10967,11103,11189,11218,11231,11261,11284,11322,11358,11392,11405,11414,11443,11450,11483,11511,11558,11587,11623,11662,11691,11716,11728,11728,11728,11794,11812,11835,11866,11892,11892,11892,11949,11950,11980,12016,12046,12046,12046,12082,12101,12147,12145,12340,12340,12340,12390,12401,12542,12561,12645,12645,12645,12701,12711,12733,12745,12761,12761,12761,12800,12826,12830,12855,12871,12871,12871,12956,12949,12956,12978,13002,13002,13002,13180,13184,13273,13307,13392,13392,13392
1,9005,185186,0,1,3,3,4,4,5,5,7,8,11,12,13,22,33,44,52,65,87,113,121,131,141,173,182,197,230,255,292,315,346,388,403,446,460,490,535,569,593,600,639,643,722,751,808,834,864,892,900,919,963,1014,1036,1036,1047,1065,1085,1114,1130,1142,1153,1161,1171,1179,1203,1218,1234,1269,1280,1290,1299,1303,1298,1304,1331,1346,1360,1360,1366,1375,1381,1397,1400,1402,1404,1406,1409,1413,1419,1426,1432,1430,1435,1435,1439,1442,1441,1443,1444,1447,1448,1467,1467,1467,1469,1469,1469,1471,1482,1482,1487,1490,1490,1492,1494,1494,1494,1504,1508,1509,1510,1510,1510,1510,1512,1512,1517,1520,1523,1523,1523,1524,1525,1530,1530,1560,1560,1560,1568,1570,1593,1599,1597,1597,1597,1598,1600,1606,1607,1610,1610,1610,1615,1618,1617,1620,1632,1632,1632,1637,1636,1638,1642,1645,1645,1645,1658,1658,1662,1673,1688,1688,1688
1,9007,164245,0,0,0,0,0,0,0,1,3,5,6,6,8,8,15,18,25,28,38,50,56,66,74,91,100,110,135,150,174,205,240,290,299,339,355,379,394,422,448,462,484,512,525,545,561,576,588,609,618,631,657,687,707,707,713,734,742,764,775,789,798,801,823,837,863,885,898,909,936,947,965,972,992,999,1010,1012,1026,1061,1082,1090,1104,1104,1143,1154,1161,1171,1170,1174,1185,1187,1194,1199,1210,1216,1223,1229,1233,1235,1241,1246,1254,1258,1259,1259,1272,1273,1277,1282,1287,1292,1295,1305,1304,1311,1308,1308,1308,1321,1320,1331,1334,1335,1335,1335,1340,1341,1346,1351,1357,1357,1357,1359,1361,1362,1360,1365,1365,1365,1373,1374,1375,1377,1377,1377,1377,1388,1391,1396,1395,1396,1396,1396,1405,1408,1408,1411,1414,1414,1414,1425,1424,1425,1425,1426,1426,1426,1434,1436,1437,1438,1446,1446,1446
1,9009,864835,0,0,0,1,3,4,8,10,24,24,24,29,41,89,127,156,222,236,280,373,517,611,647,891,1024,1162,1468,1664,1945,2183,2383,2715,2946,3358,3543,3758,4163,4520,4743,4871,5272,5493,5811,6064,6286,6509,6715,6993,7089,7205,7536,7900,8024,8024,8110,8337,8419,8678,8887,9091,9209,9260,9430,9570,9712,9881,10075,10159,10338,10427,10587,10663,10756,10847,10905,11017,11121,11124,11198,11241,11309,11323,11479,11525,11548,11582,11673,11817,11828,11860,11875,11911,11930,11979,12021,12034,12055,12078,12089,12105,12136,12174,12185,12196,12225,12227,12245,12254,12275,12299,12318,12359,12368,12383,12409,12409,12409,12462,12473,12486,12509,12532,12532,12532,12612,12617,12643,12686,12733,12733,12733,12788,12794,12825,12835,12884,12884,12884,12941,12965,12983,13013,13041,13041,13041,13086,13100,13118,13128,13145,13145,13145,13224,13240,13254,13272,13316,13316,13316,13378,13376,13388,13422,13442,13442,13442,13518,13524,13556,13584,13622,13622,13622
1,9011,268555,0,0,0,0,0,0,0,0,0,1,1,3,4,6,9,13,15,19,20,24,27,29,29,40,57,57,65,85,120,139,156,185,190,222,227,236,255,292,315,339,356,369,397,419,448,473,498,516,530,540,564,603,623,623,641,681,704,742,755,775,782,784,793,804,821,844,860,873,876,880,896,903,910,970,1046,1043,1075,1053,1067,1068,1076,1078,1091,1094,1100,1104,1108,1112,1119,1120,1122,1130,1147,1150,1198,1236,1240,1276,1285,1288,1203,1209,1217,1214,1221,1221,1219,1223,1241,1244,1255,1268,1268,1273,1277,1277,1277,1296,1304,1308,1319,1322,1322,1322,1328,1334,1339,1345,1347,1347,1347,1356,1357,1364,1352,1362,1362,1362,1373,1382,1387,1396,1402,1402,1402,1414,1421,1428,1431,1433,1433,1433,1457,1467,1469,1475,1477,1477,1477,1499,1497,1499,1503,1505,1505,1505,1517,1520,1526,1526,1554,1554,1554
1,9013,149788,0,0,0,0,0,0,0,0,4,4,5,14,16,19,27,33,33,37,40,50,56,61,67,79,91,94,103,111,128,145,152,171,182,195,201,216,241,258,270,276,299,305,331,359,375,384,407,419,422,427,437,446,461,461,464,502,513,522,530,540,543,545,556,560,568,583,636,715,735,770,786,787,796,799,807,812,821,815,822,827,833,836,845,848,856,859,859,864,864,863,873,878,883,886,885,888,888,888,889,892,893,895,895,895,898,898,899,904,906,910,909,913,913,915,915,915,915,925,925,926,928,928,928,928,935,935,937,937,939,939,939,948,946,946,937,964,964,964,969,972,1001,1011,1019,1019,1019,1050,1053,1056,1055,1056,1056,1056,1056,1056,1056,1056,1056,1056,1056,1059,1075,1081,1082,1083,1083,1083,1085,1090,1093,1112,1126,1126,1126
1,9015,116418,0,0,0,0,0,0,0,0,1,1,1,1,2,2,2,3,3,3,7,10,11,19,21,27,31,32,40,43,49,52,59,66,66,83,87,89,87,92,97,100,108,112,122,129,139,151,157,164,164,165,186,200,211,211,217,223,242,250,249,266,270,271,281,287,291,301,304,313,322,326,329,336,348,354,359,365,371,371,375,380,381,384,388,393,392,397,405,416,420,428,430,437,441,453,463,465,467,469,471,472,567,575,579,584,587,588,595,598,599,605,606,610,612,612,616,616,616,624,627,626,630,632,632,632,636,638,639,642,651,651,651,652,653,655,655,658,658,658,668,674,676,685,693,693,693,712,716,722,724,726,726,726,738,745,748,751,755,755,755,762,762,767,767,768,768,768,780,780,785,785,789,789,789
2,12001,278468,1,2,3,3,4,4,6,7,11,15,25,35,37,37,46,53,60,68,72,80,87,92,95,110,116,123,133,139,144,154,167,174,183,187,195,196,200,201,205,210,218,224,227,231,244,245,251,254,255,262,267,273,275,286,289,289,295,300,306,308,312,320,324,326,330,330,329,332,337,339,344,346,354,355,361,365,370,370,372,378,379,380,382,382,383,387,392,396,399,399,404,412,443,506,531,541,551,564,580,600,633,673,716,738,760,807,863,945,1033,1124,1159,1197,1245,1332,1423,1506,1578,1636,1701,1792,1871,1978,2043,2098,2173,2258,2322,2397,2465,2531,2619,2683,2737,2809,2890,2984,3050,3144,3186,3297,3353,3448,3526,3590,3662,3749,3808,3862,3952,4006,4088,4142,4171,4246,4309,4391,4483,4544,4629,4670,4713,4759,4813,4865,4919,4950,4981,5023,5053,5082,5117,5165,5193
2,12003,28259,0,0,0,0,1,1,1,1,1,1,1,2,3,4,5,5,7,7,8,8,9,9,11,11,11,12,13,15,15,16,16,17,17,17,17,17,17,17,17,17,17,17,17,19,20,20,20,20,20,20,20,22,22,22,22,22,22,22,24,24,25,25,25,26,26,26,26,26,26,26,26,26,26,27,27,27,27,29,28,28,29,29,29,29,29,29,29,29,29,29,29,29,29,30,30,30,30,34,35,35,39,39,41,44,42,42,44,47,51,55,57,63,72,80,84,98,102,106,110,120,127,135,151,162,175,180,187,202,215,220,232,238,245,250,254,265,285,300,310,322,329,343,356,371,386,403,423,429,528,630,827,907,932,964,1044,1052,1059,1070,1077,1078,1086,1088,1098,1108,1111,1117,1118,1118,1132,1136,1143,1148,1151
2,12005,175216,0,0,0,0,0,0,0,0,0,0,1,1,1,1,3,3,4,5,6,6,8,13,15,18,23,24,24,25,28,34,36,36,37,39,38,39,42,43,48,55,57,58,59,60,63,63,65,68,70,70,72,72,75,76,76,76,76,76,76,76,76,76,77,77,78,80,83,84,85,86,86,87,92,94,95,97,97,97,97,98,97,98,100,99,105,111,115,123,130,132,133,135,135,139,141,145,153,157,161,167,175,188,190,205,230,240,248,287,305,322,347,384,408,581,625,684,713,744,818,880,940,1027,1107,1193,1322,1430,1523,1602,1737,1852,2000,2105,2195,2269,2356,2477,2862,2972,3026,3146,3257,3357,3475,3620,3673,3701,3921,3988,4077,4194,4388,4440,4447,4523,4551,4644,4720,4787,4821,4836,4886,4938,5003,5058,5120,5144,5181,5195,5237,5289,5315,5341,5355
2,12007,28303,0,0,0,0,0,0,0,0,0,0,0,1,1,1,1,1,1,1,2,2,2,3,5,5,6,7,9,11,15,20,22,24,29,30,31,35,39,40,42,42,42,42,42,42,42,42,43,44,44,46,46,47,48,48,48,48,48,48,48,48,48,48,48,48,49,49,49,49,49,49,49,50,50,50,51,51,51,51,51,51,51,51,51,51,51,51,52,52,52,52,52,52,52,52,52,52,52,53,56,56,58,61,61,63,64,69,73,76,80,82,83,83,84,89,92,94,95,95,102,105,113,119,130,133,144,145,161,173,180,185,190,195,198,205,212,221,228,233,236,240,307,316,325,332,337,340,341,343,378,434,469,494,508,519,535,545,554,563,569,573,581,589,613,618,640,649,660,663,673,692,705,717,729
2,12009,606612,0,0,0,0,0,0,1,2,3,4,5,7,7,9,12,14,20,27,30,32,37,47,49,62,72,79,92,98,105,111,121,123,133,148,163,173,192,205,210,215,218,224,225,235,247,250,252,266,268,270,285,289,297,308,310,319,320,325,326,328,328,330,346,344,348,356,359,365,367,371,372,376,380,389,394,398,399,399,401,409,420,422,424,427,428,431,439,453,457,464,471,484,506,519,541,545,565,608,650,688,748,817,850,878,918,1022,1149,1297,1547,1631,1716,1793,1962,2180,2366,2453,2521,2591,2705,2812,2985,3104,3237,3369,3510,3632,3722,3804,3945,4060,4222,4303,4413,4561,4658,4756,4898,4966,5069,5155,5254,5333,5420,5521,5587,5619,5671,5712,5794,5851,5963,6064,6099,6190,6248,6313,6392,6478,6511,6538,6614,6667,6753,6797,6889,6912,6946,6972,7040,7092,7132,7182,7201
2,12011,1944375,5,12,21,21,37,39,55,80,96,128,164,217,262,312,412,505,631,820,1012,1137,1219,1348,1481,1598,1765,1886,2075,2230,2365,2480,2679,2844,2945,3177,3261,3363,3466,3688,3838,3971,4078,4168,4228,4431,4591,4659,4729,4794,4847,4898,4953,5144,5257,5312,5383,5492,5553,5677,5688,5780,5858,5882,5973,5998,6057,6133,6201,6243,6322,6369,6407,6514,6580,6649,6697,6760,6799,6825,6870,6975,7067,7123,7196,7248,7339,7462,7572,7690,7804,7924,8035,8193,8337,8589,8864,8928,9086,9498,9812,10111,10448,10837,11155,11327,11744,12217,12584,13320,14046,14620,15045,15624,16155,17116,18229,19575,21239,21856,22595,23781,25102,26705,28253,30025,31484,32814,34153,35566,36913,38131,39281,40976,42577,43747,45010,46576,48187,49350,50784,51657,52970,54312,55411,56797,57975,58531,58953,59354,60058,60746,61614,62268,62898,63605,64080,64741,65369,66011,66447,66826,67193,67534,68068,68542,68891,69136,69383,69584,69883,70147,70513,70764,70950
2,12013,13648,0,0,0,0,0,0,0,0,0,0,0,0,0,0,0,0,0,0,0,0,1,1,1,2,3,3,3,3,4,4,5,5,5,5,5,5,5,6,6,6,6,6,6,6,6,6,6,6,6,8,8,8,14,15,15,15,19,24,24,27,27,27,27,31,33,38,38,40,41,40,40,41,52,52,52,52,52,52,52,53,56,63,61,62,62,62,64,64,66,66,64,64,64,65,66,66,66,66,66,65,65,68,69,69,88,70,70,79,72,76,75,76,77,85,97,93,97,97,101,106,122,133,152,174,162,172,184,198,201,199,222,229,229,230,232,242,247,254,261,265,271,278,281,287,319,328,333,334,356,417,462,475,475,481,482,484,488,497,503,503,506,511,517,531,534,537,538,546,546,547,554,559,568
2,12015,186847,1,1,1,1,1,1,1,1,1,2,2,2,3,3,3,4,8,16,16,20,24,26,38,43,46,47,55,67,76,81,104,112,113,119,123,124,127,131,138,138,139,143,148,178,199,202,203,211,219,223,236,245,244,249,257,269,294,304,312,317,329,337,347,350,357,367,370,380,389,392,398,410,412,417,423,427,430,433,438,446,450,458,461,463,470,476,481,488,493,500,501,505,515,522,529,532,537,543,551,553,570,581,587,597,605,617,626,657,687,714,749,775,793,836,860,887,922,935,944,974,1004,1048,1074,1117,1158,1212,1281,1313,1342,1382,1431,1470,1500,1536,1560,1606,1660,1683,1717,1784,1807,1889,1946,1984,2024,2062,2076,2104,2144,2174,2214,2238,2257,2281,2297,2321,2340,2369,2378,2388,2394,2415,2435,2462,2493,2519,2538,2569,2582,2602,2622,2635,2656
2,12017,153843,0,0,0,0,1,1,2,3,3,3,8,8,9,9,9,11,11,15,16,17,19,23,27,28,34,43,46,51,55,58,64,67,71,72,75,74,80,82,82,84,86,92,92,94,95,95,97,97,97,97,99,99,99,99,99,100,101,102,102,104,106,106,107,109,109,110,110,112,112,114,115,115,118,119,119,119,119,119,119,120,121,121,122,122,122,122,125,125,128,128,128,130,132,135,140,143,150,152,157,162,168,183,189,199,204,219,226,240,264,277,284,291,323,345,364,372,378,399,419,457,469,500,523,546,577,618,665,702,737,766,796,855,874,911,954,1009,1056,1083,1102,1123,1160,1192,1205,1228,1291,1299,1322,1373,1429,1473,1514,1539,1548,1594,1614,1663,1708,1750,1778,1799,1823,1834,1882,1908,1949,1969,1970,1980,1996,2031,2054,2069,2082
2,12019,218245,0,1,1,1,3,3,4,4,4,4,6,7,8,10,16,20,22,26,35,34,41,53,58,69,74,79,81,88,99,110,144,161,163,165,168,170,184,216,223,247,249,256,257,264,266,267,267,271,272,272,273,276,278,279,285,287,288,292,293,299,300,302,303,303,306,308,313,317,320,321,333,351,354,354,357,362,365,366,369,374,380,382,383,387,390,394,393,396,400,405,411,420,427,429,429,435,440,443,450,456,468,481,494,519,511,523,542,580,616,659,682,713,729,801,871,936,991,1017,1074,1158,1254,1328,1403,1508,1557,1602,1641,1791,1900,1980,2083,2137,2197,2249,2330,2389,2473,2538,2577,2615,2697,2758,2808,2853,2908,2935,2984,3021,3110,3186,3245,3282,3298,3327,3335,3369,3389,3440,3461,3484,3512,3538,3580,3609,3650,3672,3690,3734,3759,3809,3864,3910,3960
2,12021,375752,3,3,3,3,5,6,7,13,18,25,28,33,39,41,57,67,85,95,111,127,146,158,178,203,221,231,249,271,282,303,327,352,361,376,380,396,416,445,457,463,470,477,483,507,526,535,552,562,568,581,596,610,628,640,653,656,677,705,712,734,752,766,843,864,882,915,923,948,1006,1030,1058,1112,1160,1195,1251,1282,1305,1334,1401,1454,1514,1539,1580,1605,1679,1814,1874,1968,2039,2070,2128,2230,2291,2364,2435,2526,2592,2729,2817,2883,2992,3097,3159,3206,3375,3456,3521,3778,3966,4087,4147,4225,4376,4539,4701,4880,5019,5076,5201,5433,5577,5777,5968,6220,6465,6731,6872,7076,7314,7577,7815,7934,8076,8249,8401,8601,8725,8795,8870,9069,9178,9355,9581,9662,9734,9811,9897,10050,10118,10202,10265,10334,10448,10487,10530,10640,10734,10840,10891,10918,10977,11016,11095,11144,11201,11245,11268,11351,11376,11471,11517,11570,11604
2,12023,69698,0,0,0,0,0,0,0,0,0,0,0,2,2,3,3,3,3,3,3,3,3,3,4,4,10,13,15,16,16,18,23,25,26,27,28,34,35,35,36,39,40,43,42,46,46,47,49,53,55,57,58,64,68,92,96,96,96,101,102,102,103,103,105,107,107,108,108,111,113,113,115,119,121,125,130,131,132,135,136,140,144,144,148,147,153,160,167,171,171,171,174,175,177,177,177,182,183,187,202,205,205,219,227,232,233,243,246,250,261,269,281,287,296,316,331,348,361,364,377,392,421,433,462,475,589,624,929,1087,1150,1181,1245,1372,1456,1523,1792,2009,2074,2122,2203,2285,2323,2437,2476,2550,2572,2598,2637,2672,2731,2784,2835,2873,2893,2917,2941,2958,2985,3027,3038,3045,3071,3095,3125,3158,3178,3214,3226,3249,3269,3295,3316,3331,3335
2,12027,33976,0,0,0,0,0,0,0,0,0,0,0,1,1,1,4,5,6,7,7,7,7,7,8,9,11,12,14,16,19,20,20,20,20,22,22,22,22,23,23,24,24,24,24,24,24,24,24,25,26,28,29,30,31,32,39,40,42,42,42,47,47,51,52,52,58,61,61,66,68,69,80,94,97,112,115,117,121,124,132,171,173,182,182,197,205,218,245,258,268,284,296,299,304,329,348,361,387,402,406,412,431,439,450,468,487,513,521,539,574,585,600,604,634,661,676,733,748,752,760,775,799,809,830,831,886,951,997,1015,1045,1055,1067,1086,1099,1112,1123,1144,1164,1172,1205,1227,1240,1251,1264,1285,1292,1297,1308,1313,1321,1327,1339,1351,1358,1377,1382,1393,1398,1413,1420,1422,1424,1426,1438,1443,1449,1451,1450,1454,1457,1460,1468,1472,1478
2,12029,16759,0,0,0,0,0,0,0,0,0,0,0,0,0,0,0,0,0,0,0,0,0,0,0,0,1,1,1,1,1,1,1,2,2,2,2,3,3,3,3,3,4,4,4,4,5,6,5,5,6,6,7,7,7,9,10,10,10,11,12,13,13,13,14,15,18,22,22,22,25,26,26,31,33,38,41,43,44,46,46,49,49,51,54,54,55,56,58,58,58,60,60,60,60,60,60,60,60,60,60,60,61,61,61,61,62,62,63,63,65,65,65,68,69,69,72,75,78,80,84,90,95,103,106,108,117,125,135,146,155,160,179,190,199,203,208,213,225,230,231,238,241,247,252,264,272,277,284,289,375,424,475,547,553,562,566,570,572,584,591,595,609,621,625,643,657,659,660,677,681,685,697,702,712
2,12031,995567,0,1,1,1,4,5,10,14,15,17,25,39,50,50,60,82,99,120,142,163,207,239,286,323,387,413,478,521,557,595,618,639,668,691,718,746,776,817,835,854,896,909,925,956,955,965,984,990,1001,1007,1012,1025,1038,1045,1072,1084,1077,1083,1088,1134,1164,1171,1186,1199,1215,1252,1259,1284,1300,1318,1336,1355,1376,1406,1439,1467,1484,1507,1523,1561,1608,1644,1654,1660,1669,1702,1736,1764,1792,1806,1824,1848,1893,1923,1961,1990,2032,2112,2194,2309,2484,2695,2902,3085,3202,3419,3724,4171,4848,5588,5839,6207,6480,7247,7961,8614,9146,9487,9835,10439,11028,11772,12287,12864,13370,13724,14152,14992,15641,15903,16546,17245,17544,17979,18357,18781,19288,19753,20001,20138,20398,20816,21038,21322,21665,21830,22034,22215,22568,22889,23166,23437,23530,23741,23972,24162,24300,24509,24629,24731,24836,24966,25117,25316,25454,25558,25658,25732,25879,26017,26169,26284,26391
2,12033,321905,0,0,0,0,0,1,1,1,1,1,1,4,9,13,17,20,28,28,37,81,94,96,101,113,118,125,141,168,182,192,204,210,224,241,247,261,277,290,304,309,315,340,418,420,434,442,457,470,485,496,506,532,538,593,595,598,604,616,618,634,638,641,659,665,671,682,682,689,707,719,723,734,740,749,756,768,769,776,784,791,810,815,828,844,853,866,871,879,888,891,907,915,944,956,961,985,999,1020,1052,1089,1127,1170,1198,1202,1244,1312,1404,1559,1611,1660,1702,1952,2046,2240,2397,2597,2809,2942,3059,3188,3332,3485,3662,4146,4335,4483,4745,5054,5346,5557,5765,5900,6074,6302,6461,6684,6854,7018,7158,7250,7429,7598,7738,7908,8007,8125,8262,8367,8515,8757,9297,9508,9632,9807,9929,10035,10122,10205,10265,10317,10405,10499,10595,10684,10752,10790,10832,10871,10944,10999,11066,11121,11151
2,12035,115378,0,0,0,0,0,0,0,0,0,0,0,1,3,4,6,8,12,13,13,15,18,24,25,28,29,31,34,35,36,41,44,46,45,45,45,46,50,55,66,75,76,78,78,106,106,116,121,127,131,133,133,134,138,140,140,141,142,145,147,147,147,147,147,148,148,153,156,156,160,167,169,172,173,173,177,177,177,178,179,182,185,189,189,190,191,193,195,195,195,195,195,200,201,202,204,207,207,208,214,216,216,224,226,237,244,250,261,274,279,293,302,310,323,340,359,369,383,392,410,424,434,456,473,493,509,529,557,575,600,612,650,659,683,696,724,756,779,801,813,838,850,867,901,919,930,945,961,975,989,1008,1052,1070,1078,1095,1101,1107,1127,1154,1160,1163,1170,1181,1194,1214,1238,1248,1257,1266,1275,1279,1288,1302,1310
2,12037,12451,0,0,0,0,0,0,0,0,0,0,0,0,0,0,0,0,0,0,0,0,0,0,0,1,1,2,2,2,2,2,2,2,2,2,2,2,2,2,2,2,2,2,2,2,2,2,2,2,2,2,2,2,2,2,2,2,2,2,2,2,2,2,2,2,2,2,2,2,2,2,2,2,2,2,2,2,2,2,2,2,2,2,2,2,2,2,2,2,2,2,2,2,2,2,3,2,2,2,2,2,2,2,2,4,4,4,4,6,6,6,6,6,6,9,11,11,15,15,15,19,24,25,31,33,44,45,47,48,50,52,56,77,80,81,82,83,85,88,87,95,103,105,108,116,130,158,189,197,276,377,398,418,430,433,433,448,449,464,473,472,479,480,485,498,509,511,519,520,522,527,529,537,542
2,12039,43826,0,0,0,0,0,0,0,0,0,0,0,0,0,0,1,1,1,1,1,1,1,1,1,2,3,3,4,5,8,11,13,13,16,35,37,40,43,46,47,50,56,56,57,68,78,79,80,86,93,93,94,102,104,106,112,114,119,120,122,127,127,129,136,138,139,179,211,222,239,241,244,248,251,254,254,263,265,267,267,268,268,272,275,277,284,287,288,292,293,293,295,297,299,301,300,303,304,308,311,315,318,321,321,325,328,331,336,351,364,372,375,378,388,405,427,445,467,467,473,480,494,527,573,587,614,623,686,720,735,778,807,853,911,956,1039,1089,1141,1187,1196,1223,1266,1314,1346,1436,1551,1575,1599,1613,1662,1780,1865,1883,1902,1927,1963,1983,1998,2022,2036,2045,2059,2067,2084,2110,2155,2181,2193,2210,2239,2253,2267,2289,2316
2,12041,17864,0,0,0,0,0,0,0,0,0,0,0,0,0,0,0,0,0,0,0,0,0,0,0,0,0,0,0,1,2,3,4,4,4,4,6,6,4,4,4,4,4,4,4,4,4,4,4,4,4,4,5,5,5,6,6,6,6,6,6,6,6,6,6,7,7,7,7,7,7,8,8,8,10,10,11,12,12,12,12,12,13,12,15,15,15,17,19,19,20,19,19,19,20,22,26,26,26,73,73,74,75,75,75,86,86,88,88,89,94,97,96,97,102,106,109,112,114,116,122,124,129,133,134,135,143,156,169,176,191,201,217,230,266,277,283,290,303,308,315,324,334,305,309,329,334,331,334,330,339,345,355,363,366,369,380,387,398,399,402,405,416,420,420,428,434,439,441,442,443,447,451,457,460
2,12043,12126,0,0,0,0,0,0,0,0,0,0,0,0,0,0,0,0,0,0,1,3,3,3,3,3,4,4,4,4,4,4,4,4,4,5,5,5,5,5,5,5,5,5,5,5,5,5,6,6,5,6,6,6,6,6,6,6,6,6,6,7,7,7,8,8,9,10,9,9,10,13,16,19,19,20,20,20,24,24,24,27,29,30,32,61,64,70,81,83,84,85,86,104,107,109,110,114,116,118,119,121,121,121,142,142,142,143,151,154,158,161,167,175,164,167,172,174,179,188,188,189,189,196,200,203,209,209,213,215,223,264,281,286,287,289,292,293,384,385,383,389,390,389,389,391,391,392,392,396,398,398,401,401,405,406,408,410,419,419,421,422,423,425,432,440,444,444,444,448,451,452,453,453,454
2,12045,14192,0,0,0,0,0,0,0,0,0,0,0,0,0,0,0,0,0,0,0,0,0,1,1,1,1,1,1,1,1,1,1,1,1,1,1,1,1,1,1,1,1,1,1,1,1,1,1,1,1,1,1,1,1,1,1,1,1,1,1,1,1,1,1,1,1,1,1,1,1,1,1,1,1,1,1,1,1,1,1,1,1,1,1,2,2,3,3,3,6,7,7,8,8,8,8,8,9,11,11,11,11,11,11,11,13,14,16,17,22,22,22,23,23,32,34,34,54,54,57,59,66,79,88,90,98,101,109,118,124,135,141,178,192,205,212,236,242,241,249,265,286,301,336,373,379,390,415,436,490,569,599,648,659,685,695,712,720,726,743,756,760,765,770,782,787,796,800,801,801,806,818,819,824
2,12047,14004,0,0,0,0,0,0,0,0,0,0,0,0,0,0,0,0,0,0,0,0,0,0,0,0,0,0,1,1,1,1,2,2,2,2,2,2,2,3,3,3,3,4,5,6,6,6,6,6,6,6,6,7,7,7,7,7,7,7,8,8,18,19,19,86,134,144,144,147,147,147,153,156,159,161,194,206,206,208,209,221,230,233,239,239,250,255,261,261,263,262,263,267,268,268,271,271,272,277,279,281,285,287,289,302,304,315,317,317,322,325,327,334,345,376,380,382,384,389,392,405,409,412,417,425,434,439,444,469,498,505,509,516,519,523,527,537,553,557,560,565,564,567,570,574,587,586,592,595,598,612,617,618,618,623,625,625,629,634,635,635,640,642,645,653,666,672,673,677,681,686,692,695,697
2,12049,25327,0,0,0,0,0,0,0,0,0,0,0,0,0,0,0,0,0,0,0,0,0,1,1,1,1,2,2,2,2,3,3,3,3,3,3,3,4,4,4,4,4,4,4,5,9,10,10,13,14,16,18,22,29,32,33,34,34,35,35,36,36,36,36,37,39,39,39,40,42,44,47,54,60,63,77,85,87,88,88,91,93,99,101,105,111,118,131,140,145,151,153,160,164,177,189,196,205,213,221,228,244,272,289,305,318,334,340,373,403,411,426,430,440,468,496,504,506,509,517,536,548,595,596,602,607,613,633,649,677,694,706,710,717,726,733,759,776,781,789,805,812,819,833,841,857,857,857,866,890,908,950,963,976,986,992,998,1006,1009,1011,1012,1019,1023,1045,1049,1050,1059,1064,1066,1073,1083,1083,1091,1092
2,12051,39619,0,0,0,0,0,0,0,0,0,0,0,0,0,0,0,0,0,1,2,3,4,4,4,5,6,7,9,9,11,13,15,16,20,22,23,26,27,31,39,41,44,46,52,59,64,64,65,68,72,80,83,92,96,101,111,115,120,129,133,136,145,151,159,165,176,180,205,211,222,224,228,240,250,249,281,321,337,339,354,387,405,415,431,446,476,501,521,552,558,565,572,580,590,597,617,638,650,659,675,700,724,747,759,763,780,796,810,851,895,923,938,953,980,993,1021,1052,1085,1101,1111,1129,1135,1146,1163,1196,1241,1267,1288,1310,1325,1347,1355,1389,1409,1427,1451,1480,1495,1512,1573,1589,1606,1618,1632,1649,1652,1667,1691,1694,1709,1725,1750,1762,1783,1805,1814,1839,1852,1878,1879,1884,1886,1891,1900,1917,1923,1934,1938,1945,1948,1955,1957,1960,1969
2,12053,194515,0,0,0,0,0,0,0,0,4,4,5,5,5,7,8,9,12,14,20,21,24,28,34,38,40,43,48,51,57,62,64,69,71,71,71,76,76,83,84,84,84,84,84,83,86,89,88,89,89,89,90,92,92,94,96,96,97,97,98,98,100,101,101,101,104,105,108,109,110,109,107,108,110,109,109,112,112,113,113,113,113,115,115,118,120,122,122,122,125,126,127,129,130,132,135,140,141,146,147,151,158,171,185,200,206,218,227,260,312,346,361,373,408,451,472,521,541,557,592,659,708,766,818,861,909,946,987,1016,1077,1110,1179,1207,1229,1273,1296,1348,1418,1454,1490,1521,1579,1617,1674,1707,1749,1766,1802,1842,1906,1929,1975,2022,2028,2069,2106,2124,2160,2200,2225,2255,2284,2317,2364,2396,2423,2441,2449,2476,2493,2506,2516,2560,2601
2,12055,101235,0,0,0,0,0,0,0,0,0,0,1,1,2,4,5,5,6,10,12,14,17,21,24,26,30,35,36,37,44,46,47,54,56,61,62,64,66,66,66,70,71,71,71,74,76,76,76,80,81,81,81,84,86,85,87,88,87,90,93,96,98,99,99,100,103,103,104,104,104,107,107,110,111,112,113,114,114,114,119,120,127,129,130,132,134,138,141,143,146,150,150,153,160,169,170,171,172,192,197,200,206,215,226,238,258,270,279,284,373,324,345,350,365,372,390,397,405,416,435,457,473,488,517,532,557,590,627,656,687,708,765,778,809,876,912,968,1018,1039,1068,1103,1115,1132,1163,1197,1252,1277,1296,1311,1328,1355,1396,1435,1449,1474,1501,1523,1548,1581,1608,1632,1639,1660,1679,1697,1715,1735,1740,1747,1756,1781,1795,1811,1821
2,12057,1459762,2,3,3,3,6,6,9,14,20,32,47,58,75,95,123,151,174,206,225,272,305,362,404,463,497,536,575,608,631,657,676,698,759,813,819,870,878,924,943,960,973,979,982,1008,1022,1041,1048,1062,1080,1105,1124,1163,1240,1281,1300,1324,1331,1364,1371,1400,1432,1448,1473,1494,1530,1568,1585,1614,1653,1670,1703,1767,1790,1823,1883,1939,1969,1995,2019,2069,2129,2201,2251,2285,2384,2479,2554,2643,2748,2861,2923,3027,3174,3295,3504,3613,3826,4029,4273,4610,4982,5319,5580,5973,6176,6892,7329,8018,9130,9918,10323,10752,11465,12376,13044,13700,14336,14677,15362,16099,16666,17662,18360,19150,19828,20508,21018,21557,22502,23103,23706,24135,24550,24891,25432,26037,26626,27077,27483,27823,28268,28742,29116,29589,30118,30450,30798,31197,31563,31865,32268,32587,32731,32996,33198,33428,33694,34040,34238,34368,34605,34851,35061,35293,35574,35721,35814,35953,36157,36354,36574,36784,37013
2,12059,19653,0,0,0,0,0,0,0,0,0,0,0,0,0,0,0,0,0,0,0,1,1,1,1,1,1,1,1,2,2,2,2,2,2,2,4,4,4,5,5,6,6,8,8,9,9,9,9,9,9,9,10,10,10,10,10,10,10,10,10,10,10,10,10,10,10,11,10,10,12,10,11,14,16,14,14,14,18,18,18,19,19,19,19,23,24,26,30,30,30,30,30,31,31,31,31,31,31,31,32,33,45,47,47,58,121,137,147,150,161,161,161,177,181,191,196,195,199,199,201,207,212,223,225,227,229,234,258,265,275,286,303,313,323,331,348,364,371,375,384,399,402,413,422,433,445,455,457,460,476,486,494,505,507,509,513,518,524,528,533,534,556,557,562,572,581,587,589,600,600,609,616,619,622
2,12061,159788,0,0,0,0,0,0,0,0,1,3,5,8,10,12,12,14,15,16,20,25,33,35,41,47,50,55,60,62,65,68,70,72,74,77,77,78,83,83,83,84,85,85,85,88,89,89,89,90,90,90,90,91,92,97,98,99,99,99,100,100,100,100,102,102,103,104,104,106,106,108,108,110,112,113,116,117,119,119,120,122,126,130,133,138,139,144,154,160,164,167,167,172,177,190,197,205,216,234,256,284,317,369,389,409,422,457,479,541,620,655,686,697,739,772,820,897,932,953,969,992,1045,1112,1158,1185,1259,1337,1386,1431,1463,1504,1585,1649,1685,1729,1767,1837,1941,1974,2031,2073,2118,2167,2204,2270,2302,2340,2369,2385,2424,2450,2488,2523,2543,2555,2574,2584,2618,2640,2652,2661,2668,2679,2693,2721,2736,2747,2756,2766,2780,2801,2811,2827,2834
2,12063,47319,0,0,0,0,0,0,0,0,1,1,1,1,1,1,1,1,1,1,2,2,2,4,4,4,4,4,4,4,4,5,5,6,6,6,6,6,8,8,8,8,9,11,11,13,13,13,13,13,13,14,14,14,14,15,15,15,23,31,74,72,91,97,131,106,105,125,126,129,131,148,171,173,219,225,230,238,239,240,241,248,249,251,256,266,269,290,298,298,308,309,310,311,315,316,318,319,320,326,329,327,329,330,333,338,341,342,347,350,353,359,359,363,365,381,394,401,406,411,415,504,517,556,581,587,632,652,675,682,756,769,831,857,887,916,963,979,1220,1266,1270,1297,1544,1553,1566,1588,1613,1618,1643,1745,1797,1832,1817,1821,1897,1936,1953,1996,2007,2018,2030,2036,2111,2159,2180,2198,2220,2229,2236,2282,2292,2301,2314,2327,2335
2,12065,14510,0,0,0,0,0,0,0,0,0,0,0,0,0,0,0,0,0,0,0,0,0,0,0,0,1,1,3,4,8,9,9,9,12,12,13,22,23,23,24,26,26,26,26,26,27,27,27,28,28,28,28,28,28,28,28,28,28,28,28,28,28,28,28,28,28,28,28,28,28,28,28,30,29,29,29,29,29,29,29,29,29,29,29,29,29,29,30,31,31,31,31,31,31,31,32,32,32,33,36,36,36,36,36,36,38,38,41,41,45,47,46,49,51,57,57,58,58,65,67,69,72,77,80,81,87,93,100,102,109,110,113,113,118,122,156,160,169,174,177,184,188,192,229,337,344,363,417,433,438,447,448,453,455,462,462,462,462,467,467,469,474,473,477,481,488,491,491,492,493,493,496,495,498
2,12067,8226,0,0,0,0,0,0,0,0,0,0,0,0,0,0,0,0,0,0,0,0,0,0,0,0,0,0,0,0,1,1,1,1,1,1,1,1,1,1,1,1,1,1,1,1,1,1,1,1,1,1,1,2,2,2,2,3,3,3,3,3,3,3,5,5,5,5,6,6,6,6,6,6,7,8,8,8,8,8,8,8,8,8,8,8,8,9,10,10,10,10,13,12,12,12,12,13,13,15,15,16,18,18,19,20,20,20,22,27,31,30,31,32,32,33,34,36,36,40,42,48,49,52,53,53,56,61,64,67,67,71,73,73,74,74,75,79,82,83,83,92,95,100,102,111,110,113,113,113,117,129,134,146,148,189,193,469,777,936,989,1009,1030,1122,1129,1143,1159,1164,1165,1164,1169,1177,1184,1189,1202
2,12069,383956,0,0,0,0,0,1,1,2,3,3,6,6,9,14,22,26,32,38,44,50,66,71,82,88,95,101,107,122,139,140,149,150,150,162,169,180,186,197,203,207,211,213,213,217,219,221,222,223,226,227,227,233,234,234,235,235,236,237,237,240,242,243,246,247,248,249,250,252,254,257,260,264,266,271,273,275,277,279,280,291,298,301,304,306,309,313,317,321,329,337,339,342,355,383,452,464,482,498,552,583,646,671,733,763,795,838,881,975,1098,1192,1252,1302,1410,1508,1603,1694,1845,1890,1998,2087,2181,2298,2394,2517,2645,2783,2882,3009,3139,3206,3343,3391,3473,3594,3757,3890,3988,4090,4169,4259,4326,4408,4516,4612,4661,4708,4769,4794,4840,4958,5073,5161,5177,5229,5291,5391,5489,5587,5619,5650,5698,5756,5852,5947,6004,6046,6089,6122,6163,6213,6275,6345,6385
2,12071,760822,2,4,4,4,5,5,7,11,11,14,17,26,30,34,52,66,95,119,151,170,206,235,274,303,347,378,399,438,475,521,571,597,616,641,656,677,686,720,738,768,784,794,793,886,939,943,960,970,989,1002,1020,1066,1084,1117,1137,1159,1175,1211,1218,1248,1267,1284,1316,1331,1349,1384,1400,1455,1480,1519,1541,1584,1665,1676,1698,1735,1758,1766,1801,1846,1893,1907,1942,1966,2086,2146,2199,2252,2288,2314,2387,2421,2499,2562,2633,2835,2876,3014,3186,3353,3474,3555,3626,3665,3744,3943,4061,4756,4955,5187,5362,5587,5868,6222,6667,7214,7497,7660,7858,8124,8339,8573,8847,10122,10343,10630,10848,11720,12042,12396,12710,12905,13124,13394,13767,14045,14291,14414,14539,14715,14876,15136,15415,15550,15673,15798,15873,15960,16089,16247,16430,16528,16631,16717,16871,17038,17177,17304,17400,17450,17494,17595,17729,17815,17955,18008,18063,18139,18216,18331,18460,18583,18633
2,12073,292198,0,0,0,0,0,0,0,1,3,4,4,4,5,6,7,12,15,17,16,21,26,32,34,38,41,41,58,67,71,77,90,112,119,149,149,155,164,173,168,175,183,185,185,190,206,207,209,211,212,213,218,225,232,233,242,242,242,248,248,251,253,253,265,270,274,275,275,279,289,303,305,319,328,329,331,371,374,376,378,400,405,403,404,410,427,431,433,437,441,442,447,450,455,463,463,468,473,482,484,494,507,556,572,586,595,613,641,694,774,950,997,1113,1148,1376,1465,1637,1797,1869,1910,1954,2046,2160,2245,2347,2447,2519,2605,2708,2816,2883,3004,3139,3264,3318,3479,3567,3655,3759,3867,3948,4003,4101,4170,4293,4386,4447,4488,4536,4642,4813,4921,4964,5005,5115,5149,5234,5289,5362,5401,5442,5515,5560,5642,5704,5807,5850,5907,5932,5974,6066,6144,6193,6293
2,12075,42915,0,0,0,0,0,0,0,0,0,0,0,0,0,0,0,0,1,1,2,2,2,2,2,2,2,4,4,5,6,6,6,7,8,7,7,9,9,9,11,12,12,12,13,13,13,13,13,13,18,18,19,19,19,19,20,20,20,20,20,20,20,20,22,22,22,24,24,25,25,25,27,27,27,27,27,29,30,30,30,31,31,32,34,35,35,38,55,58,60,73,90,90,95,98,100,100,101,127,131,132,137,137,139,147,151,154,157,165,168,171,173,174,181,182,192,202,210,211,218,225,235,241,255,263,273,282,296,311,325,332,358,375,398,414,424,441,449,462,474,493,509,546,575,583,595,618,627,632,645,652,673,684,687,698,709,720,736,754,767,785,794,803,821,835,847,855,858,868,874,886,891,899,907
2,12077,7974,0,0,0,0,0,0,0,0,0,0,0,0,0,0,0,0,0,0,0,0,0,0,0,0,0,0,0,0,0,0,1,1,1,2,2,2,2,2,2,2,2,2,2,2,2,2,2,2,2,3,3,6,8,60,60,60,70,114,196,196,198,198,198,198,199,199,199,199,199,199,199,199,204,204,206,209,209,209,209,213,213,213,213,213,218,218,218,218,218,218,218,218,218,218,218,219,220,220,220,220,220,220,221,221,220,220,220,220,221,221,222,222,222,230,238,238,244,244,245,249,257,262,273,274,276,276,281,284,289,293,303,311,316,320,320,327,332,335,339,340,348,356,370,399,409,412,418,393,384,395,400,400,400,407,407,407,410,411,411,411,412,410,412,413,416,420,424,426,427,426,431,432,433
2,12079,17968,0,0,0,0,0,0,0,0,0,0,0,0,0,0,0,0,0,0,0,0,0,2,2,4,6,10,11,11,12,12,14,14,14,14,14,15,16,19,20,21,23,26,35,40,41,41,43,44,49,49,55,58,58,60,61,61,61,61,61,61,61,61,61,61,62,62,62,63,64,64,66,67,66,67,68,69,69,69,69,69,69,69,69,69,69,69,72,71,71,71,71,71,75,75,76,79,82,84,86,93,98,109,123,142,143,143,156,170,179,187,191,195,200,218,220,239,247,255,265,273,283,302,320,335,367,382,402,415,423,431,444,451,477,492,504,514,519,526,553,560,564,583,604,618,643,655,661,663,675,686,700,700,708,710,732,738,748,754,763,766,772,778,782,807,822,830,832,834,841,844,852,860,867
2,12081,399710,2,2,4,4,4,5,7,8,9,10,13,13,15,16,26,25,29,32,38,42,53,70,89,104,129,136,145,164,172,179,200,221,236,252,261,277,309,326,362,417,433,443,445,473,491,497,508,533,563,567,580,591,607,619,636,684,722,737,742,756,776,783,795,806,813,826,834,849,867,888,893,933,946,958,975,988,990,996,1007,1022,1037,1045,1057,1074,1110,1134,1162,1177,1189,1219,1229,1245,1253,1309,1353,1377,1421,1483,1523,1548,1649,1786,1890,1977,2013,2132,2202,2368,2642,2737,2810,2856,3015,3175,3261,3554,3716,3785,3890,4080,4266,4432,4632,5112,5266,5419,5564,5914,6133,6280,6569,6738,6871,7078,7252,7520,7709,7859,7982,8090,8187,8337,8517,8655,8733,8825,8887,8938,9050,9124,9199,9288,9340,9395,9468,9554,9662,9735,9781,9843,9891,9924,9997,10059,10123,10170,10209,10241,10278,10310,10340,10391,10418
2,12083,375908,0,0,0,0,0,0,0,0,0,0,2,3,4,4,5,5,9,18,22,23,28,30,33,38,42,50,55,62,68,75,83,83,93,101,104,107,112,116,118,121,129,130,130,145,148,150,151,151,160,165,175,178,182,184,184,193,196,202,202,210,208,211,213,217,217,218,220,222,223,224,228,233,233,233,237,237,240,240,241,243,244,248,250,255,257,261,272,274,279,281,284,286,292,299,310,311,315,325,331,345,365,389,395,412,424,467,493,524,598,631,655,672,727,789,817,868,927,986,1043,1111,1162,1307,1403,1489,1642,1774,1938,2057,2156,2259,2423,2550,2721,2826,2927,3105,3224,3426,3581,3928,4314,4682,4892,5069,5173,5286,5434,5543,5707,5984,6260,6511,6573,6668,6798,6921,7030,7161,7247,7319,7448,7614,7691,7807,7926,8007,8046,8092,8172,8261,8321,8424,8469
2,12085,158431,0,0,0,0,0,0,0,0,1,1,1,2,4,4,7,11,17,26,27,27,28,33,34,42,53,60,85,100,108,109,115,117,122,129,135,140,142,147,148,151,155,160,161,166,169,169,174,183,185,186,191,197,199,202,215,218,224,233,243,245,255,261,274,275,281,294,296,321,371,396,419,472,476,483,494,510,535,550,557,601,626,651,652,680,729,764,810,849,907,917,934,958,1020,1056,1134,1170,1218,1296,1311,1324,1421,1460,1525,1582,1611,1639,1673,1713,1850,1910,1979,2055,2112,2151,2208,2251,2320,2422,2461,2503,2545,2634,2680,2734,2864,2900,2935,2985,3023,3058,3108,3152,3193,3250,3314,3357,3388,3420,3451,3485,3527,3561,3591,3626,3637,3644,3658,3689,3712,3767,3802,3825,3838,3852,3863,3883,3907,3913,3923,3937,3967,3997,4015,4046,4067,4083,4091,4112,4173,4222,4362,4420,4450
2,12086,2701767,1,2,8,8,13,23,43,77,101,124,170,228,277,365,489,653,869,1121,1471,1700,2123,2415,2885,3363,3889,4145,4670,5125,5460,5897,6299,6757,7057,7458,7711,8066,8325,8823,9044,9353,9656,10055,10152,10587,10925,11004,11350,11569,11830,11926,12063,12388,12631,12774,13091,13223,13370,13584,13663,13840,14006,14166,14384,14467,14741,15010,15365,15657,15863,15941,16033,16366,16521,16693,16844,17040,17167,17224,17395,17640,17825,17999,18138,18223,18455,18778,19055,19298,19546,19755,19979,20276,20547,20871,21632,21916,22196,22740,23272,23853,24375,25079,25789,26238,26821,27778,28663,30195,31561,33713,35221,36819,37960,40264,42310,44728,47010,48991,51057,53973,55960,58340,60867,64443,67712,69802,72316,75424,77866,81025,84237,87034,89556,92344,95067,98429,101853,104754,107314,110351,113142,115915,118461,121206,122689,123643,124758,125948,127676,129408,131216,132460,133622,135129,139270,140983,142661,144406,145306,146025,146989,148092,149161,150304,151213,151985,152611,153384,154134,154756,155417,156037,156558
2,12087,82874,0,0,0,0,0,0,0,0,0,1,1,1,2,3,11,14,19,22,23,26,27,30,38,40,42,44,46,49,52,53,55,59,59,64,64,66,66,68,73,73,73,73,73,74,77,77,78,79,78,78,79,79,80,80,80,80,80,80,80,89,88,92,95,96,95,95,95,100,99,99,100,100,101,107,108,107,107,107,107,108,108,108,109,109,109,110,110,110,111,114,114,116,120,121,128,129,130,131,137,146,150,158,162,165,166,174,188,202,204,219,236,259,270,296,322,337,367,380,398,427,445,470,544,572,611,641,670,715,768,810,859,894,935,978,998,1082,1114,1126,1145,1175,1198,1230,1300,1325,1357,1379,1389,1404,1438,1456,1514,1526,1531,1548,1556,1577,1603,1622,1633,1643,1650,1666,1675,1687,1694,1693,1694,1695,1700,1704,1714,1719,1727
2,12089,90352,1,1,1,1,1,1,1,1,1,1,1,1,1,1,4,5,6,7,8,7,10,11,16,19,21,21,25,27,29,32,33,33,34,34,35,37,40,42,42,44,46,46,46,48,49,50,53,53,53,56,56,57,58,59,59,59,60,60,60,60,60,61,61,62,63,65,65,66,66,66,69,69,69,69,70,70,70,72,74,74,75,76,76,80,81,82,82,82,82,82,83,84,86,87,90,92,93,94,96,97,101,111,115,120,126,128,136,146,158,169,175,182,196,225,253,277,313,325,346,375,405,438,482,524,546,570,600,626,660,682,745,784,811,838,865,895,919,941,967,986,1009,1037,1054,1079,1104,1121,1138,1155,1184,1202,1219,1233,1239,1253,1270,1280,1296,1316,1334,1345,1354,1372,1396,1435,1456,1498,1512,1522,1533,1574,1620,1643,1659
2,12091,211668,1,1,1,1,1,1,2,3,5,7,12,13,13,13,18,21,25,31,31,35,39,44,50,53,58,61,64,69,77,82,84,90,100,102,103,107,116,123,126,130,130,133,134,140,144,148,148,148,151,152,153,155,157,159,159,160,161,162,164,167,168,168,168,169,171,173,176,176,177,179,183,183,184,191,192,192,193,197,198,206,211,222,231,234,235,240,249,252,261,270,273,286,293,311,314,331,336,343,350,365,390,397,399,420,435,456,499,540,562,600,635,665,703,769,819,879,905,916,937,968,1014,1082,1129,1284,1384,1444,1531,1622,1697,1752,1812,1972,2061,2103,2133,2201,2274,2367,2410,2481,2576,2703,2764,2849,2930,3030,3105,3159,3291,3390,3447,3501,3540,3586,3607,3631,3652,3695,3727,3741,3772,3802,3846,3877,3920,3954,3964,3997,4019,4054,4093,4123,4133
2,12093,39644,0,0,0,0,0,0,0,0,0,0,0,0,0,0,0,0,0,0,0,0,0,1,1,2,3,3,4,5,5,5,5,5,5,5,5,5,5,5,6,7,7,8,8,9,9,9,9,10,10,10,11,12,13,14,18,18,18,22,23,23,28,28,28,25,32,33,34,35,43,45,49,51,55,57,60,64,67,67,68,70,76,83,84,85,97,104,122,125,138,138,143,149,154,158,166,183,189,195,200,207,230,240,245,250,256,276,289,307,333,343,360,377,383,390,402,413,423,439,451,452,459,501,518,527,566,581,586,597,610,633,651,662,684,694,770,797,802,812,837,853,858,878,893,920,945,958,967,975,989,1013,1027,1039,1055,1077,1081,1087,1093,1125,1142,1148,1155,1169,1177,1183,1195,1202,1202,1208,1210,1211,1219,1234,1239
2,12095,1429908,0,0,1,1,2,4,6,11,19,23,29,32,47,50,87,118,174,213,267,299,373,458,540,601,656,712,753,767,823,859,901,922,948,1023,1037,1073,1113,1157,1179,1197,1215,1234,1250,1273,1289,1303,1321,1338,1362,1370,1384,1412,1421,1433,1437,1445,1459,1473,1477,1504,1504,1511,1536,1552,1576,1614,1628,1654,1678,1698,1707,1725,1743,1767,1807,1830,1848,1876,1901,1944,1975,2001,2030,2047,2120,2168,2209,2255,2315,2377,2448,2541,2677,2772,2936,3129,3281,3436,3583,3899,4273,4568,4913,5156,5501,6055,6785,7847,8836,9670,10013,10313,10873,11457,12077,13261,14031,14406,14767,15193,15594,16147,16629,18000,18936,19376,19908,21298,22048,22517,23258,23583,24010,24699,25253,25951,26558,26979,27392,27819,28190,28590,29010,29465,29698,29926,30139,30424,30775,31025,31394,31718,31850,32041,32340,32574,32860,33179,33381,33485,33708,33945,34134,34320,34537,34661,34780,34909,35082,35244,35448,35612,35769
2,12097,388656,0,0,1,1,1,4,7,8,13,13,21,24,25,26,39,45,56,74,89,94,110,140,170,201,216,229,241,256,277,295,305,317,323,333,349,361,384,392,403,409,410,417,423,449,461,463,463,470,474,479,478,486,504,509,516,514,529,544,554,564,572,573,580,586,594,608,616,622,627,629,636,640,644,648,658,658,662,673,674,688,698,701,703,709,715,726,732,741,745,749,762,770,785,796,810,838,848,866,892,926,960,1007,1052,1080,1147,1222,1321,1485,1649,1833,1919,2026,2164,2349,2526,2781,2966,3068,3190,3302,3466,3658,3861,4167,4442,4575,4751,5270,5556,5725,6010,6268,6479,6687,6844,7150,7407,7614,7728,7973,8130,8281,8470,8649,8782,8894,9018,9156,9286,9401,9568,9696,9769,9858,9936,10037,10146,10228,10314,10373,10424,10480,10551,10619,10681,10732,10772,10804,10844,10892,10988,11055,11091
2,12099,1492191,0,2,5,5,5,7,11,20,28,41,56,70,88,102,139,172,241,318,382,462,551,616,735,856,952,998,1080,1157,1222,1331,1429,1499,1644,1702,1738,1816,1865,2086,2136,2168,2258,2318,2401,2552,2598,2612,2695,2761,2875,2909,2961,3039,3078,3128,3309,3388,3478,3585,3613,3796,3868,3887,4091,4174,4276,4389,4438,4522,4656,4697,4774,4966,5070,5138,5199,5353,5427,5453,5539,5763,5896,5994,6133,6217,6475,6686,6857,7072,7228,7327,7516,7676,7885,8207,8440,8831,9013,9260,9470,9852,10114,10504,10752,10941,11178,11534,11838,12496,12926,13387,13709,14148,14445,14857,15322,16147,16834,17240,17636,18229,18654,19231,19845,21016,21804,22277,22786,23709,24359,25043,25783,26424,26949,27504,28265,29002,29705,30323,30956,31596,32169,32694,33272,33852,34224,34548,34927,35281,35735,36112,36598,37018,37295,37639,37932,38206,38573,38900,39127,39272,39458,39660,39884,40155,40385,40568,40744,40851,41011,41193,41556,41728,41863
2,12101,561891,1,1,1,1,2,2,2,3,5,6,8,11,14,16,18,21,25,34,35,38,40,51,66,77,90,102,114,122,127,139,143,150,160,169,177,186,190,192,198,205,209,213,218,221,230,233,232,237,239,241,249,252,275,278,282,284,285,289,291,293,297,300,302,306,308,313,314,316,319,327,328,335,338,341,349,360,369,373,375,377,381,386,388,394,398,405,416,419,424,434,442,457,473,484,500,521,543,560,583,627,686,750,809,872,954,1084,1170,1326,1630,1780,1909,1992,2133,2274,2443,2608,2757,2850,3004,3193,3330,3559,3748,3875,4060,4189,4363,4489,4654,4769,4943,5050,5161,5260,5363,5526,5674,5803,5911,5992,6101,6201,6299,6394,6479,6548,6636,6708,6802,6893,6982,7080,7114,7172,7213,7283,7348,7406,7453,7490,7527,7560,7608,7651,7693,7758,7777,7807,7868,7915,7949,7989,8028
2,12103,959107,2,2,2,2,2,4,4,12,16,22,29,38,41,45,54,65,82,111,116,129,167,233,273,318,342,359,372,387,395,422,431,446,455,479,494,513,530,565,587,592,607,632,638,656,673,677,687,698,709,718,729,748,757,766,784,788,801,820,828,848,861,876,909,923,962,997,1008,1022,1051,1062,1075,1109,1116,1153,1173,1187,1196,1205,1218,1238,1262,1297,1313,1335,1361,1397,1478,1532,1584,1638,1679,1746,1862,1941,2103,2235,2389,2523,2684,2887,3153,3438,3667,3854,4033,4387,4669,5099,5713,6020,6260,6487,6861,7249,7697,8116,8533,8759,9032,9395,9826,10293,10596,10844,11442,11754,12080,12368,12714,13019,13482,13705,13925,14191,14371,14726,14985,15147,15339,15541,15800,16114,16356,16604,16774,16886,17047,17202,17358,17541,17725,17879,17941,18103,18217,18329,18466,18660,18730,18774,18876,18994,19087,19247,19352,19431,19478,19522,19605,19681,19740,19813,19888
2,12105,725046,0,0,0,0,0,0,1,2,4,9,10,11,13,13,15,20,28,37,46,63,73,91,103,126,142,157,180,199,206,234,241,244,254,270,279,287,304,316,320,326,335,356,361,379,393,400,410,441,457,468,483,500,514,523,536,547,564,594,601,623,636,655,675,687,698,716,722,736,746,766,786,822,840,853,869,878,891,907,939,977,1005,1027,1038,1053,1074,1100,1127,1145,1178,1206,1243,1287,1325,1373,1414,1466,1509,1566,1634,1702,1856,1970,2042,2225,2279,2454,2571,2780,3182,3495,3682,3836,4048,4327,4660,4906,5196,5472,5665,5895,6206,6611,6983,7246,7630,7881,8206,8498,8772,9030,9524,9877,10072,10309,10545,10909,11197,11423,11717,11893,12059,12281,12488,12735,12991,13137,13231,13419,13654,13839,14124,14301,14475,14645,14812,14992,15108,15312,15429,15506,15607,15723,15887,16015,16158,16251,16322,16388,16498,16569,16692,16803,16894
2,12107,73321,0,0,0,0,0,0,0,0,0,0,1,2,2,2,5,12,12,12,12,13,13,13,14,15,18,19,19,20,24,25,29,34,43,42,43,46,49,52,55,56,58,59,65,75,81,83,87,87,103,103,106,108,117,120,121,121,120,120,120,125,126,127,127,127,127,127,128,131,134,134,135,136,138,139,140,143,144,144,149,149,150,152,153,154,154,165,172,173,173,174,175,176,181,183,185,190,191,198,205,209,213,221,237,238,242,261,271,285,297,318,327,339,381,433,489,516,540,550,566,593,619,653,695,738,775,835,855,871,897,926,962,984,1006,1050,1083,1108,1150,1169,1176,1191,1223,1261,1301,1317,1368,1379,1397,1422,1446,1465,1481,1508,1519,1539,1550,1559,1576,1602,1611,1611,1624,1640,1669,1689,1709,1723,1725,1730,1740,1750,1757,1763,1774
2,12113,273425,1,1,1,1,2,2,3,4,4,7,9,16,18,24,28,36,42,50,59,61,79,90,102,119,132,141,147,154,156,163,165,170,173,176,177,179,182,186,188,190,192,194,195,200,203,203,204,204,207,207,208,210,212,211,211,214,216,222,223,222,222,222,223,229,231,231,231,231,232,233,233,235,236,238,239,240,241,245,247,252,256,260,260,262,269,267,270,272,279,282,287,288,287,292,298,307,315,333,347,365,398,433,461,496,510,548,599,682,756,837,895,948,989,1088,1188,1259,1325,1383,1433,1517,1632,1730,1788,1843,1905,2019,2079,2178,2270,2326,2431,2541,2612,2670,2708,2796,2871,2929,2993,3057,3136,3168,3216,3264,3323,3362,3422,3450,3512,3552,3593,3635,3660,3738,3774,3817,3883,3948,3971,3978,4021,4033,4075,4106,4137,4153,4160,4197,4219,4239,4263,4286,4321
2,12115,329226,0,0,0,0,0,0,0,0,0,0,1,3,5,6,9,11,17,22,24,31,38,47,48,60,76,82,107,122,129,137,146,149,152,161,165,172,186,191,196,202,204,206,207,220,223,225,228,236,239,239,247,249,254,257,260,260,265,271,275,280,282,284,290,299,301,313,316,323,334,337,336,349,363,386,391,404,413,420,424,449,463,471,473,492,508,535,561,607,627,654,669,696,760,793,830,883,926,981,1037,1057,1131,1169,1214,1226,1249,1333,1384,1441,1576,1652,1691,1724,1812,1876,1983,2109,2182,2264,2355,2433,2483,2661,2739,2862,3061,3134,3209,3301,3411,3500,3627,3706,3807,3896,4004,4153,4316,4401,4546,4714,4805,4903,5002,5106,5210,5256,5329,5396,5514,5625,5695,5772,5824,5920,5968,6040,6125,6192,6254,6283,6326,6380,6458,6545,6585,6628,6651,6720,6773,6822,6896,6939,6975
2,12117,188000,1,1,1,1,1,1,1,1,1,2,2,3,4,6,8,12,13,16,21,36,44,46,47,48,50,55,64,66,70,96,105,106,109,113,114,115,118,130,133,138,140,139,144,141,143,147,149,150,151,153,154,158,157,157,158,158,158,160,162,172,173,176,179,179,180,182,182,183,185,186,197,198,202,207,207,208,209,237,237,240,242,245,247,248,250,255,256,257,258,258,261,262,273,275,285,291,293,297,305,319,330,342,344,350,355,371,411,437,442,468,482,593,617,676,743,815,867,902,941,993,1033,1085,1142,1331,1379,1412,1523,1663,1740,1822,1909,1976,2018,2090,2147,2288,2365,2507,2789,2945,3125,3279,3336,3399,3454,3484,3552,3610,3700,3791,3857,3939,3963,4013,4053,4088,4125,4173,4223,4237,4264,4303,4341,4385,4418,4443,4462,4483,4523,4566,4592,4634,4659
2,12109,434006,0,2,2,2,2,3,4,4,6,8,14,17,21,26,32,34,43,50,61,67,76,99,110,124,129,140,159,173,184,201,211,223,226,230,241,253,260,274,279,284,291,297,299,310,314,318,321,323,334,338,352,365,372,377,385,395,405,412,416,418,426,430,435,440,487,496,498,508,518,533,538,550,565,576,586,590,594,598,611,622,629,635,639,647,649,652,658,669,680,686,694,705,716,724,741,767,780,789,803,833,868,926,962,992,1031,1091,1139,1245,1341,1401,1447,1482,1601,1707,1814,2059,2160,2191,2249,2334,2431,2548,2641,3106,3219,3334,3447,3724,3880,4065,4245,4338,4432,4567,4644,4837,5006,5103,5168,5274,5349,5443,5588,5672,5724,5814,5854,5940,6025,6095,6164,6231,6256,6314,6394,6479,6604,6652,6689,6728,6764,6814,6850,6905,6980,7021,7016,7042,7066,7091,7136,7162,7193
2,12111,470856,0,1,1,1,1,4,4,7,13,13,13,19,22,25,32,40,54,68,81,88,103,128,145,163,178,191,195,202,218,229,238,242,255,268,275,284,306,313,315,320,325,328,332,340,348,351,357,367,374,373,379,385,395,394,396,403,408,410,410,411,415,415,418,422,426,429,431,432,435,442,444,445,449,454,459,461,465,471,474,481,484,490,491,493,505,512,515,521,532,542,556,585,621,663,709,759,790,836,876,976,1101,1189,1265,1361,1451,1624,1768,1966,2202,2366,2477,2566,2682,2837,2987,3205,3339,3430,3522,3652,3806,3967,4083,4229,4466,4536,4665,4842,5030,5150,5329,5411,5519,5633,5736,5852,5969,6034,6116,6231,6333,6419,6487,6566,6639,6687,6760,6826,6932,6976,7048,7118,7152,7219,7264,7323,7370,7424,7471,7492,7530,7568,7641,7673,7735,7756,7778,7811,7839,7896,7934,7979,8006
2,12119,129752,0,0,0,0,0,0,0,1,2,2,4,5,8,10,18,24,29,40,45,47,51,57,66,68,73,75,81,87,91,100,107,108,110,112,113,114,117,120,144,147,153,163,164,166,167,169,171,173,177,176,181,217,221,226,233,236,234,238,239,240,244,244,244,245,246,250,251,251,252,253,253,254,252,253,253,253,254,253,253,253,253,253,253,255,258,260,261,261,261,261,264,265,265,266,266,266,267,268,269,270,277,282,284,286,290,299,308,313,319,327,334,345,368,387,401,408,420,436,478,516,549,589,622,655,679,681,721,757,770,787,827,843,859,881,902,941,968,992,1003,1028,1045,1058,1077,1091,1131,1142,1163,1180,1208,1237,1284,1303,1307,1344,1383,1410,1436,1475,1540,1558,1586,1611,1628,1680,1704,1717,1718,1724,1742,1754,1819,1832,1848
2,12121,43474,0,0,0,0,0,0,0,0,0,0,0,0,0,0,0,0,1,1,2,3,3,6,7,11,17,18,31,33,47,54,59,67,67,68,75,81,83,87,90,98,98,102,104,106,107,109,116,118,128,129,130,139,141,141,141,142,143,144,145,145,146,146,148,149,151,151,153,158,160,160,160,161,164,164,165,166,165,166,166,166,167,167,168,168,170,172,174,174,175,175,176,178,182,185,186,196,200,208,217,224,229,252,310,290,339,349,360,373,393,433,439,499,532,561,581,597,614,630,646,673,686,710,724,735,750,761,788,835,863,878,882,895,926,934,940,979,993,1013,1024,1038,1060,1082,1131,1155,1171,1190,1203,1224,1302,1356,1404,1454,1471,1507,1919,2152,2203,2236,2253,2259,2292,2294,2299,2317,2323,2356,2357,2363,2377,2388,2406,2424,2431
2,12123,21796,0,0,0,0,0,0,0,0,0,0,0,0,0,0,0,0,0,0,0,0,0,0,0,0,0,0,0,1,1,1,1,1,1,1,1,1,1,1,1,1,2,2,2,3,3,3,3,3,3,3,3,3,3,3,3,3,3,3,3,3,3,3,3,3,3,3,3,3,5,5,5,8,10,11,12,14,14,14,16,19,20,22,22,22,24,26,27,45,46,48,48,47,51,52,53,54,59,60,62,62,62,63,65,68,69,70,70,71,73,74,76,79,80,85,91,97,99,101,102,109,116,123,130,136,143,149,158,185,192,200,206,214,221,226,244,249,257,266,272,291,288,319,330,360,372,396,551,768,857,936,947,961,965,981,1000,1027,1069,1092,1100,1102,1110,1114,1125,1142,1146,1154,1158,1164,1171,1183,1185,1195,1199
2,12125,16147,0,0,0,0,0,0,0,0,0,0,0,0,0,0,0,0,0,0,0,0,1,1,1,1,1,2,2,2,2,2,2,2,2,2,2,2,2,2,2,3,2,3,3,3,4,4,4,4,4,4,4,5,5,5,5,5,5,5,5,6,6,7,7,10,14,14,20,25,25,26,26,28,28,29,30,30,31,31,31,31,31,32,32,33,33,34,34,36,38,38,38,38,38,38,39,38,38,38,38,38,39,40,41,42,43,44,46,48,58,61,61,62,62,71,74,82,85,89,92,99,101,105,109,114,114,120,123,133,139,141,142,142,145,161,169,178,183,212,234,247,200,206,215,218,225,225,227,259,244,291,297,310,374,435,448,456,459,481,488,489,493,501,505,514,526,530,533,535,547,561,569,572,592
2,12127,553543,2,3,4,4,5,7,9,9,9,10,11,14,16,19,28,34,43,44,60,69,80,93,102,125,134,151,153,163,165,179,190,195,201,216,226,243,255,270,291,333,342,366,375,420,428,432,434,440,445,448,452,500,509,513,514,521,526,534,537,540,548,551,557,566,576,590,591,594,605,612,618,630,640,655,663,673,680,683,709,725,730,736,741,752,771,784,791,804,819,829,837,849,860,884,914,928,946,969,995,1057,1117,1168,1218,1263,1301,1369,1464,1605,1745,1933,2024,2105,2219,2372,2496,2604,2685,2804,2951,3070,3234,3454,3634,3805,3972,4163,4355,4572,4768,4959,5188,5297,5530,5657,5803,5969,6133,6240,6341,6473,6572,6707,6834,6959,7097,7194,7288,7372,7488,7654,7779,7876,7960,8040,8129,8206,8308,8402,8452,8482,8543,8608,8666,8761,8867,8914,8952,8997,9069,9126,9174,9223,9244
2,12129,33764,0,0,0,0,0,0,0,0,0,0,0,0,0,0,0,0,0,0,1,1,1,2,2,3,5,6,6,6,7,7,7,7,8,12,12,13,14,14,14,14,15,15,15,17,20,20,21,22,22,22,23,24,23,24,24,29,29,29,29,29,29,29,31,31,31,31,31,32,32,32,32,32,32,32,32,32,32,32,32,33,34,34,35,35,35,35,35,35,35,35,35,35,35,35,35,35,35,35,36,37,37,38,40,40,41,41,42,46,47,54,55,60,65,71,72,84,87,90,93,94,102,116,122,128,137,164,206,223,235,258,279,297,309,341,419,455,477,507,515,535,543,565,572,598,611,612,627,635,651,662,680,692,707,726,730,747,753,764,773,781,791,796,815,827,848,854,859,863,869,873,880,884,886
2,12131,75305,0,0,0,0,0,0,0,1,1,3,4,4,9,10,13,13,14,15,15,16,18,18,19,19,21,23,25,26,26,26,27,30,29,29,29,29,29,31,32,32,32,32,32,34,35,35,35,35,35,35,38,38,43,49,50,50,51,50,51,55,61,65,66,68,73,76,77,77,81,91,97,97,100,103,106,108,108,109,109,114,114,117,117,118,118,120,124,130,130,131,133,135,142,145,146,148,150,152,157,157,165,174,181,186,188,198,205,206,210,211,213,245,257,291,295,305,318,324,372,395,434,484,538,561,582,622,649,693,727,766,791,822,866,898,931,964,1016,1057,1066,1094,1119,1149,1205,1239,1245,1256,1286,1301,1323,1345,1383,1408,1414,1428,1443,1450,1466,1476,1486,1491,1506,1526,1535,1548,1562,1578,1580,1588,1601,1612,1622,1628,1636
2,12133,25318,0,0,0,0,0,0,0,0,0,0,0,0,0,0,0,1,1,1,1,1,1,1,1,1,1,1,1,2,2,3,3,5,4,4,5,5,5,6,5,6,6,9,10,10,12,12,12,12,12,12,12,12,12,12,12,12,12,12,12,12,12,12,12,12,12,14,13,13,13,14,14,19,24,26,26,45,50,51,51,54,57,57,58,66,68,74,79,83,84,84,85,85,87,87,91,92,91,94,95,95,96,96,96,96,98,101,102,101,106,110,112,113,112,117,118,120,121,121,131,136,140,147,151,163,191,204,214,225,233,251,297,310,333,367,389,402,415,433,437,460,469,488,495,558,590,597,676,716,747,807,839,867,872,877,887,896,910,922,929,933,934,957,965,970,974,975,978,989,990,995,998,1002,1006
